Titel,Link
Erster Corona-Verdachtsfall in Uri,https://www.nzz.ch/zentralschweiz/uri/erster-corona-verdachtsfall-in-uri-ld.1198543
Corona-Virus nun auch in Genf und Graubünden bestätigt,https://www.nzz.ch/news-service/inland-schweiz/corona-virus-nun-auch-in-genf-und-graubuenden-bestaetigt-ld.1198676
Corona-Virus: Hysterie oder nicht?,https://www.nzz.ch/zentralschweiz/zug/corona-virus-hysterie-oder-nicht-ld.1200566
Vertuscht der Iran die Wahrheit über das Corona-Virus?,https://www.nzz.ch/international/vertuscht-der-iran-die-wahrheit-ueber-das-corona-virus-ld.1198530
Corona-News in der Zentralschweiz vom 13. bis 17. März: Hotel Schweizerhof schliesst ++ Zuger Kitas bleiben offen ++ Einkaufscenter streichen Abendverkauf,https://www.nzz.ch/zentralschweiz/coronavirus-in-der-zentralschweiz-live-ticker-ld.1200208
Erster Corona-Fall in Obwalden,https://www.nzz.ch/zentralschweiz/nidwalden/erster-corona-fall-in-obwalden-ld.1203807
Corona-Virus: Notenbanken im Alarmzustand,https://www.nzz.ch/schweiz/corona-virus-notenbanken-im-alarmzustand-ld.1200488
Mit Corona gegen allerlei Seuchen,https://www.nzz.ch/leben/mit-corona-gegen-allerlei-seuchen-ld.1205720
Kantonsspitäler Ob- und Nidwalden stellen auf Corona-Betrieb um – Operationen werden verschoben,https://www.nzz.ch/zentralschweiz/nidwalden/kantonsspital-nidwalden-stellt-auf-corona-betrieb-um-spitalsoldaten-werden-jetzt-in-stans-ausgebildet-ld.1204868
