Titel|Link
Coronavirus: 12 Geschichten, die uns während der Corona-Krise Mut machen|https://www.watson.de/leben/coronavirus/285838819-coronavirus-12-geschichten-die-uns-waehrend-der-corona-krise-mut-machen&sa=U&ved=2ahUKEwivqI3C9L3oAhWW73MBHaYPDLYQxfQBMAR6BAgDEAE&usg=AOvVaw1wKvLyAiKUM_-vRrbGBe9e
Prinz William rettet Herzogin Kate vor einem Corona-Fehler|https://www.schweizer-illustrierte.ch/people/royals/hier-rettet-prinz-william-seine-kate-vor-einem-corona-fail&sa=U&ved=2ahUKEwivqI3C9L3oAhWW73MBHaYPDLYQxfQBMAB6BAgFEAE&usg=AOvVaw2rmP-7zVSFPrn2CxZf42RB
Bankenaufseher wollen Start von Basel III um ein Jahr verschieben|https://www.institutional-money.com/news/regulierung/headline/bankenaufseher-wollen-start-von-basel-iii-um-ein-jahr-verschieben-196446/&sa=U&ved=2ahUKEwivqI3C9L3oAhWW73MBHaYPDLYQxfQBMAJ6BAgHEAE&usg=AOvVaw3OE6xIZ8JF_fHnvklvA5nQ
88.200 Anträge für Corona-Soforthilfe – Ministerium: „Je sorgfältiger ...|https://www.goodnews4.de/nachrichten/wirtschaft/item/88-200-antraege-fuer-corona-soforthilfe-ministerium&sa=U&ved=2ahUKEwivqI3C9L3oAhWW73MBHaYPDLYQxfQBMAF6BAgJEAE&usg=AOvVaw2Ng_pqGLr4V35GerdKrtSW
Intensive Corona-Kontrollen am Wochenende in Karlsruhe ...|https://www.goodnews4.de/nachrichten/rathaus-service/polizeiberichte/item/intensive-corona-kontrollen-am-wochenende-in-karlsruhe&sa=U&ved=2ahUKEwivqI3C9L3oAhWW73MBHaYPDLYQxfQBMAZ6BAgEEAE&usg=AOvVaw1Vy4YvlQs-qhbTxUkTYagO
Noch ein negativer Effekt der Corona-Krise – Wilder Müll nimmt zu ...|https://www.goodnews4.de/nachrichten/rathaus-service/item/noch-ein-negativer-effekt-der-corona-krise%3Fcategory_id%3D19&sa=U&ved=2ahUKEwivqI3C9L3oAhWW73MBHaYPDLYQxfQBMAV6BAgGEAE&usg=AOvVaw3HcK2yg-l4sFZhsH56hGmy
Der liebe Gott online in Baden-Baden – Live-Gottesdienst in der ...|https://www.goodnews4.de/nachrichten/rathaus-service/baden-baden/item/der-liebe-gott-online-in-baden-baden&sa=U&ved=2ahUKEwivqI3C9L3oAhWW73MBHaYPDLYQxfQBMAh6BAgCEAE&usg=AOvVaw2zJTNJYyY3i8Rlfos9q51s
Leserbrief „Meine Meinung“ – Zum goodnews4-Interview mit ...|https://www.goodnews4.de/nachrichten/breaking-news/item/leserbrief-meine-meinung-zum-goodnewas4-interview&sa=U&ved=2ahUKEwivqI3C9L3oAhWW73MBHaYPDLYQxfQBMAl6BAgAEAE&usg=AOvVaw0uc59YjytGeoUOV9hmHsig
Aktuelle Corona-Statistik Baden-Baden und weltweit – Zahl in ...|https://www.goodnews4.de/nachrichten/breaking-news/item/aktuelle-corona-statistik-baden-baden-und-weltweit-8&sa=U&ved=2ahUKEwivqI3C9L3oAhWW73MBHaYPDLYQxfQBMAN6BAgIEAE&usg=AOvVaw0FI-UtHX5ND0KWJv34IpE-
Weitere Fahrplananpassungen im „Corona-Busfahrplan ...|https://www.goodnews4.de/nachrichten/auto-verkehr/item/weitere-fahrplananpassungen-im-corona-busfahrplan&sa=U&ved=2ahUKEwivqI3C9L3oAhWW73MBHaYPDLYQxfQBMAd6BAgBEAE&usg=AOvVaw367egTvQ-c9pFNdituOWcX
