Keyword: ;"""Villroy & Boch"""
""
Stimmung: ;0.10984848484848483;Positiv
Subjektivität: ;0.0;Faktenbasiert
13:06:34;21/03/2020;Organic Soup Market Forecast and Competitive Analysis;Villeroy & Boch Kaldewei Kohler Roca RAK CERAMICS Duravit HSIL Jaguar Jacuzzi. Segment by Regions North America Europe China Japan Southeast Asia;https://www.packagingnews24.com/organic-soup-market-forecast-and-competitive-analysis/&sa=U&ved=2ahUKEwjcy7uO0avoAhXDxYsBHRNSB-Y4FBDF9AEwBXoECAIQAQ&usg=AOvVaw3rsgPVtFa6K66AQdHxRk2g
13:06:34;21/03/2020;2020-2025 Global and Regional Rectangular Bathtub Industry ...;... Bathsystem, Bella Stone Company, Ideal-Standard, Polysan, Rexa Design, Unique Wood Design, Villeroy & Boch, Sanindusa, Jacuzzi Europe, Beauty Luxury.;https://3wnews.org/industry/351932/2020-2025-global-and-regional-rectangular-bathtub-industry-production-sales-and-consumption-status-and-prospects-professional-market-research-report/&sa=U&ved=2ahUKEwjjmdCR0avoAhUFL6YKHYq-DM04KBDF9AEwAnoECAMQAQ&usg=AOvVaw2vtbzCgJygd1vmNW_oylpN
12:06:34;21/03/2020;Stoneware Tableware Market Analysis Report Analysis 2019-2025;The major players profiled in this Stoneware Tableware market report include: The following manufacturers are covered: Villeroy & Boch Rosenthal GmbH;https://jewishlifenews.com/uncategorized/stoneware-tableware-market-analysis-report-analysis-2019-2025/&sa=U&ved=2ahUKEwjZkoeQ0avoAhVmyIsBHakEBXE4HhDF9AEwB3oECAEQAQ&usg=AOvVaw3ZyKJsxMoz73CzhVdq8FZV
11:06:34;21/03/2020;In times of isolation, music industry creates online festivals;... Jorge, Joo Maldonado, Lucas Silveira (Fresno), Lila Trentini, R Adegas, Nani Medeiros, Rafa Malenotti, Rod Krieger, Antonio Villeroy and Yas Speransa.;https://cryptodictation.com/2020/03/21/in-times-of-isolation-music-industry-creates-online-festivals/&sa=U&ved=2ahUKEwisg86N0avoAhUTvZQKHXHoDso4ChDF9AEwAXoECAgQAQ&usg=AOvVaw02WQ1xfnpgwRdmFjou_QLN
11:06:34;21/03/2020;Em tempos de isolamento, setor musical cria festivais on-line;... Antonio Villeroy e Yas Speransa. Continua depois da publicidade. Desde quarta-feira, a plataforma MangoLab promove o projeto Quarentena Sessions.;https://www.correiobraziliense.com.br/app/noticia/diversao-e-arte/2020/03/21/interna_diversao_arte,835682/festivais-de-musica-com-transmissao-on-line-nas-redes-sociais.shtml&sa=U&ved=2ahUKEwjZkoeQ0avoAhVmyIsBHakEBXE4HhDF9AEwCHoECAQQAQ&usg=AOvVaw2SKgWp_qunjzXS9mSWKBrj
11:06:34;21/03/2020;Parede pendurado Rimfree Sanitários Mercado 2020 da Indústria Global Tamanho, segmentos, Compartilhe e Relatório de Crescimento Fator Análise Research 2026;Villeroy & Boch VitrA. Seima Sonas Twyford Verotti Flaminia Laufen Lecico PARISI Bathware and Doorware RAK Ceramics Roca Sanitario Enware Australia;http://actualpenacov.com/2020/03/21/parede-pendurado-rimfree-sanitrios-mercado-2020-da-indstria-global-tamanho-segmentos-compartilhe-e-relatrio-de-crescimento-fator-anlise-research-2026/&sa=U&ved=2ahUKEwjjmdCR0avoAhUFL6YKHYq-DM04KBDF9AEwA3oECAEQAQ&usg=AOvVaw3y9KXZTJtrJ8Omf28Pi6Ez
09:06:34;21/03/2020;Heat-resistant Ceramic Tableware Market Research Study including ...;... applications, and expert opinions. main topmost manufactures/players like Villeroy & Boch, Rosenthal GmbH, Meissen, KAHLA Porzellan, Seltmann Weiden,...;https://3wnews.org/uncategorised/349552/heat-resistant-ceramic-tableware-market-research-study-including-growth-factors-types-and-application-by-regional-geography/&sa=U&ved=2ahUKEwisg86N0avoAhUTvZQKHXHoDso4ChDF9AEwCXoECAUQAQ&usg=AOvVaw0LEuTlh87Mjr0M5kAQCi49
08:06:34;21/03/2020;Portable Spas Market 2020 Top Companies, Trends, Business ...;Villeroy & Boch ROCA GLASS 1989. Jaquar Beachcomber Hot Tubs TEUCO Coast Spas. Analysis of Global Portable Spas Market:By Type. Non-skirting;https://nysenewstimes.com/portable-spas-market-2020-top-companies-trends-business-opportunities-segmentation-analysis-demand-and-forecast-2025/&sa=U&ved=2ahUKEwisg86N0avoAhUTvZQKHXHoDso4ChDF9AEwCHoECAAQAQ&usg=AOvVaw2hMyeT5OLPdbrUsPErnMRS
07:06:34;21/03/2020;Euro-Bonds - Viruskrise lähmt Europa - Brüssel erwägt «Corona-Bond»;Experten sehen dies jedoch nur als Behelfslösung an, auch wenn die EZB laut dem französischen Notenbankchef Francois Villeroy de Galhau die Lage im Griff...;https://www.cash.ch/news/top-news/euro-bonds-viruskrise-laehmt-europa-bruessel-erwaegt-corona-bond-1506196&sa=U&ved=2ahUKEwjImoWM0avoAhVZyosBHYozBxkQxfQBMAZ6BAgEEAE&usg=AOvVaw1fH7MIs8m_sN1D2nz0KUmQ
03:06:34;21/03/2020;Integrerad Smart Toalett marknaden försäljning, intäkter, Pris och bruttomarginal 2020-2025;Villeroy & Boch Duravit HeGII ViVi. ROCA HUIDA. Rapporten fokuserar också på globala stora ledande aktörer inom branschen för Global Integrerad Smart...;http://bladetidag.com/2020/03/21/integrerad-smart-toalett-marknaden-forsaljning-intakter-pris-och-bruttomarginal-2020-2025/&sa=U&ved=2ahUKEwjcy7uO0avoAhXDxYsBHRNSB-Y4FBDF9AEwCHoECAYQAQ&usg=AOvVaw0m0OeDBxEK1crJnKgWJmwo
03:06:34;21/03/2020;마사지 목욕 오지 그릇 시장 : 2025 제조 업체, 지역, 제품 유형, 주요 응용 프로그램 분석 및 예측에 의한 글로벌 성장;마사지 목욕 오지 그릇 에 사용되는 응용 프로그램은 다음과 같습니다. 상업용 건물 거주. 마사지 목욕 오지 그릇 시장의 상위 플레이어 : Roca Villeroy Boch INAX;http://actmnews.com/2020/03/21/%25EB%25A7%2588%25EC%2582%25AC%25EC%25A7%2580-%25EB%25AA%25A9%25EC%259A%2595-%25EC%2598%25A4%25EC%25A7%2580-%25EA%25B7%25B8%25EB%25A6%2587-%25EC%258B%259C%25EC%259E%25A5-2025-%25EC%25A0%259C%25EC%25A1%25B0-%25EC%2597%2585%25EC%25B2%25B4-%25EC%25A7%2580%25EC%2597%25AD-%25EC%25A0%259C%25ED%2592%2588-%25EC%259C%25A0/&sa=U&ved=2ahUKEwjjmdCR0avoAhUFL6YKHYq-DM04KBDF9AEwAXoECAIQAQ&usg=AOvVaw1da9TXWuEhEK9vicvhXwha
01:06:34;21/03/2020;Global Bone China Análise de tendências do mercado 2020-2026 | Jogadores-chave – Wedgwood, Steelite International, Dibbern, Halcyon Days, Crate and Barrel;... Dibbern, Halcyon Days, Crate and Barrel, Villeroy & Boch, Churchill China, Hebei Tangshan Red Rose Bone Porcelain Company, Roy Kirkham Pottery.;http://cmykdigest.com/35593/global-bone-china-analise-de-tendencias-do-mercado-2020-2026-jogadores-chave-wedgwood-steelite-international-dibbern-halcyon-days-crate-and-barrel/&sa=U&ved=2ahUKEwjcy7uO0avoAhXDxYsBHRNSB-Y4FBDF9AEwBnoECAEQAQ&usg=AOvVaw1yG_owmMwPvsApo6_DFmaI
00:06:34;21/03/2020;VIRUS-TICKER-Mitarbeiter von US-Vizepräsident Pence positiv auf ...;08.37 Uhr - Die EZB sichert nach den Worten von Ratsmitglied Francois Villeroy de Galhau mit ihrem Maßnahmenpaket die Liquidität in der Euro-Zone.;https://de.investing.com/news/stock-market-news/virustickermitarbeiter-von-usvizeprasident-pence-positiv-auf-coronavirus-getestet-1986761&sa=U&ved=2ahUKEwisg86N0avoAhUTvZQKHXHoDso4ChDF9AEwBnoECAIQAQ&usg=AOvVaw0Y61Dp_LPw3BQ7g2HYfIeB
21:06:34;20/03/2020;ECB’s Villeroy tells big firms not to hoard liquidity;ECB policymaker Francois Villeroy de Galhau on Friday urged firms not to tap their banks for more liquidity than they really need, likening such firms to...;https://www.hellenicshippingnews.com/ecbs-villeroy-tells-big-firms-not-to-hoard-liquidity/&sa=U&ved=2ahUKEwjImoWM0avoAhVZyosBHYozBxkQxfQBMAN6BAgIEAE&usg=AOvVaw1kUNnbg6pDRKw_6ge5gD0D
21:06:34;20/03/2020;Electric Bidé Seats Marknadsöversikt, försäljning, intäkter, Application och analys till 2020-2025;American Standard Brondell HomeTECH. Villeroy & Boch Soojee Dongpeng JOMOO Ryoji Faenza. Denna rapport studier de bästa tillverkare och konsumenter,...;http://arvikatidning.com/2020/03/20/electric-bide-seats-marknadsoversikt-forsaljning-intakter-application-och-analys-till-2020-2025/&sa=U&ved=2ahUKEwjZkoeQ0avoAhVmyIsBHakEBXE4HhDF9AEwBHoECAMQAQ&usg=AOvVaw1DrTfUQIeF17JEJIII2TRt
20:06:34;20/03/2020;Tankless Commercial Toilet Market : Industry Trends and ...;Villeroy & Boch. Segment by Regions North America Europe China Japan Southeast Asia India. Segment by Type Toilet with wall mounted Flush Valve System;https://dailyscience.me/2020/03/20/tankless-commercial-toilet-market-industry-trends-and-developments-2019-2025/&sa=U&ved=2ahUKEwisg86N0avoAhUTvZQKHXHoDso4ChDF9AEwBXoECAMQAQ&usg=AOvVaw0TR6sgB5P6OH_-L0_DJz9M
20:06:34;20/03/2020;Plumbing Fittings Market Future Scenario, Revenue, Segment And Key Trends |Masco Corporation, Kohler, Fortune Brands, LIXIL Corporation, Friedrich Grohe,etc;... Jacuzzi, Huayi, Elkay, Lasco, Maax, Ideal Standard, Villeroy & Boch, Jaquar Group, Sanitec, Hansgrohe, Sunlot Group, Hindware, CERA Sanitaryware, others.;https://jewishlifenews.com/global-market/plumbing-fittings-market-future-scenario-revenue-segment-and-key-trends-masco-corporation-kohler-fortune-brands-lixil-corporation-friedrich-groheetc/&sa=U&ved=2ahUKEwjZkoeQ0avoAhVmyIsBHakEBXE4HhDF9AEwAHoECAYQAQ&usg=AOvVaw3YnXojqeor-hfMLGwlD2rS
19:06:34;20/03/2020;LATE BRIEFING - Unternehmen und Märkte -2-;Der Porzellanhersteller Villeroy & Boch AG legt wegen der Corona-Krise Teile der europäischen Produktion bis Ende April still. Diese Unterbrechung betrifft...;https://www.finanzen.ch/nachrichten/aktien/late-briefing-unternehmen-und-maerkte-2--1029018391&sa=U&ved=2ahUKEwjImoWM0avoAhVZyosBHYozBxkQxfQBMAJ6BAgFEAE&usg=AOvVaw15c5Q8ntxPg47K6q6fm9SW
19:06:34;20/03/2020;Arbeitsplatte Doppelwaschbecken Markt 2020: Aktuelle Trends, Größe, aufkommende Wachstumsfaktoren und Wettbewerbsaussichten mit Top-Key-Playern;... Vaskeo, Wohabeing, Villeroy & Boc. Marktsegmentierung: Der Arbeitsplatte Doppelwaschbecken-Markt wurde in verschiedene wesentliche Bereiche unterteilt...;http://www.moeckern24.de/2020/03/20/arbeitsplatte-doppelwaschbecken-markt-2020-aktuelle-trends-groesse-aufkommende-wachstumsfaktoren-und-wettbewerbsaussichten-mit-top-key-playern/&sa=U&ved=2ahUKEwjImoWM0avoAhVZyosBHYozBxkQxfQBMAh6BAgHEAE&usg=AOvVaw19JCZUw73anjLPT2UBVwmy
19:06:34;20/03/2020;VIRUS-TICKER-In Italien so viele Corona-Tote pro Tag wie nie zuvor;08.37 Uhr - Die EZB sichert nach den Worten von Ratsmitglied Francois Villeroy de Galhau mit ihrem Maßnahmenpaket die Liquidität in der Euro-Zone.;https://de.investing.com/news/economy/virustickerin-italien-so-viele-coronatote-pro-tag-wie-nie-zuvor-1986701&sa=U&ved=2ahUKEwisg86N0avoAhUTvZQKHXHoDso4ChDF9AEwA3oECAcQAQ&usg=AOvVaw1x5SkjmniGkQgeGlI52Gxy
19:06:34;20/03/2020;Global Arredamento Da Bagno il Report di Mercato Fornisce ...;... come GROHE AMERICA, Moen Incorporated, Villeroy & Boch AG, Toto Ltd, S.A., Kohler Co., Inc, Roca Sanitario, LIXIL Group Corporation, Inc, Hansgrohe SE,...;http://ilmiofurgone.com/global-arredamento-da-bagno-il-report-di-mercato-fornisce-statistiche-chiave-su-forze-trainanti-dimensione-cagr-proiezione-di-profitto-and-consumo/&sa=U&ved=2ahUKEwjcy7uO0avoAhXDxYsBHRNSB-Y4FBDF9AEwCXoECAAQAQ&usg=AOvVaw0dRUvOdq0n5xcZQjCyU_la
19:06:34;20/03/2020;Le château de la Punta : une curiosité corse où le revival triomphe;... celui du château de la Palice tandis que la cheminée en marbre et en pierre imite celle du château de Villeroy, actuellement conservée au Musée du Louvre.;https://www.connaissancedesarts.com/archi-jardin-et-patrimoine/le-chateau-de-la-punta-condense-du-xixe-siecle-francais-en-quelques-pierres-oubliees-11100552/&sa=U&ved=2ahUKEwjZkoeQ0avoAhVmyIsBHakEBXE4HhDF9AEwAnoECAcQAQ&usg=AOvVaw0BW2Yf-QOi614ANY8rGTyC
18:06:34;20/03/2020;Paul Bujar, maire de Villenauxe-la-Grande encore quelques ...;Villeroy & Boch (grande entreprise de céramique, ndlr) voulait s'installer à Villenauxe dans les années 1960 mais les petits partons n'en ont pas voulu et la...;https://www.lest-eclair.fr/id140455/article/2020-03-20/paul-bujar-maire-de-villenauxe-la-grande-encore-quelques-semaines&sa=U&ved=2ahUKEwisg86N0avoAhUTvZQKHXHoDso4ChDF9AEwAnoECAkQAQ&usg=AOvVaw3ckKaOFYfG3Ov5Y33bz9mn
18:06:34;20/03/2020;«Acériculteur et fier» : un autocollant pour partager leur fierté d'être producteurs acéricoles;Martin Pilotte de Villeroy, qui est l'un des quatre actionnaires de la jeune entreprise créée en 2019, est celui qui a imaginé cette idée de produire un autocollant...;https://www.lanouvelle.net/2020/03/20/acericulteur-et-fier-un-autocollant-pour-partager-leur-fierte-detre-producteurs-acericoles/&sa=U&ved=2ahUKEwisg86N0avoAhUTvZQKHXHoDso4ChDF9AEwB3oECAEQAQ&usg=AOvVaw0XebVCKxxyLraW9gs4I-EN
18:06:34;20/03/2020;Rimfree Toilettes Vue densemble du marché, les ventes, les revenus, taux de croissance et danalyse pour 2020-2026;Villeroy & Boch VitrA. Seima Sonas Twyford Verotti Flaminia Laufen Lecico PARISI Bathware and Doorware RAK Ceramics Roca Sanitario Enware Australia;http://www.derriere-lentente.com/2020/03/20/rimfree-toilettes-vue-densemble-du-march-les-ventes-les-revenus-taux-de-croissance-et-danalyse-pour-2020-2026/&sa=U&ved=2ahUKEwjZkoeQ0avoAhVmyIsBHakEBXE4HhDF9AEwBXoECAAQAQ&usg=AOvVaw16-gsyTBR8KvwM0NJnGXuC
17:06:34;20/03/2020;DGAP-Adhoc: Villeroy & Boch AG: COVID-19-Pandemie: Villeroy ...;Für den Inhalt der Mitteilung ist der Emittent / Herausgeber verantwortlich. COVID-19-Pandemie: Villeroy & Boch beschließt weitere Maßnahmen. Mettlach, 20.03.;https://www.onvista.de/news/dgap-adhoc-villeroy-boch-ag-covid-19-pandemie-villeroy-boch-beschliesst-weitere-massnahmen-deutsch-340055831&sa=U&ved=2ahUKEwjImoWM0avoAhVZyosBHYozBxkQxfQBMAB6BAgCEAE&usg=AOvVaw1eQy2sDZonGUxChZsh0Hlg
17:06:34;20/03/2020;BRIEF-Villeroy & Boch Decides On Further Measures Due To Coronavirus Outbreak;March 20 (Reuters) - VILLEROY & BOCH AG: * COVID 19 PANDEMIC: VILLEROY & BOCH DECIDES ON FURTHER MEASURES. * HAS NOW AGREED WITH...;https://www.reuters.com/article/brief-villeroy-boch-decides-on-further-m/brief-villeroy-boch-decides-on-further-measures-due-to-coronavirus-outbreak-idUSFWN2BD1BO&sa=U&ved=2ahUKEwjImoWM0avoAhVZyosBHYozBxkQxfQBMAR6BAgGEAE&usg=AOvVaw0G9dA6N0sLJ4wT-YJRvogV
17:06:34;20/03/2020;Villeroy & Boch AG: COVID 19 pandemic: Villeroy & Boch decides on further measures;Villeroy & Boch AG. VIB3. Real-time TRADEGATE AG - 03/04 03:50:53 pm.;https://www.marketscreener.com/VILLEROY-BOCH-AG-436729/news/Villeroy-Boch-AG-COVID-19-pandemic-Villeroy-Boch-decides-on-further-measures-30197302/&sa=U&ved=2ahUKEwjImoWM0avoAhVZyosBHYozBxkQxfQBMAV6BAgAEAE&usg=AOvVaw1-LZ7VQoyWB_1MQcD0FsKQ
17:06:34;20/03/2020;Coronavirus : mon épargne va-t-elle être impactée par la crise ?;"Mais comme le disait début mars François Villeroy de Galhau, gouverneur de la Banque de France, il est inutile de ""sur-réagir par rapport à une volatilité...";https://www.pleinevie.fr/conso-argent/budget/coronavirus-mon-epargne-va-t-elle-etre-impactee-par-la-crise-23621&sa=U&ved=2ahUKEwisg86N0avoAhUTvZQKHXHoDso4ChDF9AEwBHoECAYQAQ&usg=AOvVaw15dBiNHMMVcSj_AjFiQIbt
17:06:34;20/03/2020;Plumbing Fixtures & Fittings Market Report Examines Analysis;... International (Belgium), Roca Bathroom Products (India), Roca Sanitario (Spain), Roca UK (UK), Spectrum Brands (USA), Toto (Japan), Villeroy & Boch (USA);https://www.openpr.com/news/1978005/plumbing-fixtures-fittings-market-report-examines-analysis&sa=U&ved=2ahUKEwjcy7uO0avoAhXDxYsBHRNSB-Y4FBDF9AEwBHoECAMQAQ&usg=AOvVaw3e7kSKI1l9gba_bI2RGeKD
17:06:34;20/03/2020;Mercado global Porcelana Blanca Y Translúcida: Lo que se puso al lado? Encuentra aquí.;Villeroy & Boch Churchill China Hebei Tangshan Red Rose Bone Porcelain Company Roy Kirkham Pottery. Ser propietario de nuestros informes y suscribirse a...;https://www.torretriangular.com/mercado-global-porcelana-blanca-y-translucida/&sa=U&ved=2ahUKEwjZkoeQ0avoAhVmyIsBHakEBXE4HhDF9AEwA3oECAkQAQ&usg=AOvVaw3SVYeYo-nWxjggDZM-HTZu
16:06:34;20/03/2020;Ceramic Tableware Market and Business Status, Industry Trends (Villeroy & Boch, Rosenthal GmbH, Meissen, KAHLA Porzellan, More);The Top players are Villeroy & Boch, Rosenthal GmbH, Meissen, KAHLA Porzellan, Seltmann Weiden, SCHÖNWALD, WMF, Fiskars Group, Lenox, Portmeirion...;https://nysenewstimes.com/ceramic-tableware-market-and-business-status-industry-trends-villeroy-boch-rosenthal-gmbh-meissen-kahla-porzellan-more/&sa=U&ved=2ahUKEwjImoWM0avoAhVZyosBHYozBxkQxfQBMAd6BAgDEAE&usg=AOvVaw1S04kKXTdjfhAtzWHFDBZI
16:06:34;20/03/2020;ECB Will Do Whatever It Takes, But I Don't Think That's Enough;"ECB members Villeroy and De Cos made some comments earlier today. Comments by ECB member Villeroy. Determination of ECB to act was unanimous; The...";https://www.fxleaders.com/news/2020/03/20/ecb-will-do-whatever-it-takes-but-i-dont-think-thats-enough/&sa=U&ved=2ahUKEwjImoWM0avoAhVZyosBHYozBxkQxfQBMAl6BAgBEAE&usg=AOvVaw0s2-VNxii1DqZe9A5y8Me3
16:06:34;20/03/2020;GBPUSD cracks above the 100 hour MA for the first time since ...;ECB's Villeroy: Determination of ECB to act was unanimous · BOE suspends 2020 annual bank stress tests. By continuing to browse our site you agree to our...;https://www.forexlive.com/!/gbpusd-cracks-above-the-100-hour-ma-for-the-first-time-since-march-10-20200320&sa=U&ved=2ahUKEwjcy7uO0avoAhXDxYsBHRNSB-Y4FBDF9AEwAnoECAcQAQ&usg=AOvVaw3zT0HwbWNFDoy5aw-2Av8A
16:06:34;20/03/2020;Laboratory Analytical Instruments and Consumables Market 2020 Demand with Global Forecast by Top Leading Players: Agilent Technologies, Bruker, PerkinElmer, Danaher, Thermo Fisher Scientific, ABB, AB Sciex, Alpha Omega, Ametek, AMS Technologies;Kitchen Tableware Market 2020 Demand with Global Forecast by Top Leading Players: Noritake, Villeroy and Boch, Corelle, Wedgwood, Mikasa, Lenox, Royal...;https://www.packagingnews24.com/laboratory-analytical-instruments-and-consumables-market-2020-demand-with-global-forecast-by-top-leading-players-agilent-technologies-bruker-perkinelmer-danaher-thermo-fisher-scientific-abb-ab/&sa=U&ved=2ahUKEwjZkoeQ0avoAhVmyIsBHakEBXE4HhDF9AEwCXoECAUQAQ&usg=AOvVaw0HvNZKKYzkiCkjL0bgl2pW
15:06:34;20/03/2020;Globaler Markt für Spültoiletten 2020 – Kohler, Toto, Duravit, Roca, Villeroy Boch;Globaler Markt für Spültoiletten 2020 – Kohler, Toto, Duravit, Roca, Villeroy Boch. Avatar apexreports März 20, 2020. Der Toilette spülen marktbericht ist ein...;https://www.thecoingossip.com/593921/globaler-markt-fuer-spueltoiletten-2020-kohler-toto-duravit-roca-villeroy-boch/&sa=U&ved=2ahUKEwjImoWM0avoAhVZyosBHYozBxkQxfQBMAF6BAgJEAE&usg=AOvVaw1g1C7u9g5_zkrAULxDo9hY
15:06:34;20/03/2020;Coronavirus. Vers un report des échéances bancaires pour les particuliers ?;... Villeroy de Galhau sur BFM Business où il était interrogé sur l'éventuelle nécessité de suspendre pour les particuliers les échéances de paiement de crédit.;https://www.ouest-france.fr/sante/virus/coronavirus/coronavirus-vers-un-report-des-echeances-bancaires-pour-les-particuliers-6786777&sa=U&ved=2ahUKEwisg86N0avoAhUTvZQKHXHoDso4ChDF9AEwAHoECAQQAQ&usg=AOvVaw2mTUN0NKP_HG60S8-Mcwqr
15:06:34;20/03/2020;23. März - 27. März :Diese Woche in der Wirtschaft;15:00 DE/Villeroy & Boch AG (V&B), HV, Merzig EU/Ratingüberprüfungen für Schweden (Moody's), Ungarn (Moody's), Estland (Fitch), Großbritannien (Fitch),...;https://www.n-tv.de/wirtschaft/termine/Diese-Woche-in-der-Wirtschaft-article21640063.html&sa=U&ved=2ahUKEwjcy7uO0avoAhXDxYsBHRNSB-Y4FBDF9AEwAHoECAQQAQ&usg=AOvVaw3XLY7OYUkYR3ft03kjbAA4
15:06:34;20/03/2020;Sanitary Ceramics Ware Industry 2020: Global Market Emerging Trends, Dynamics, Share, Size and 2026 Forecast Report;The major players in the market include Kohler, LIXIL Corporation, TOTO, Roca, Geberit, Villeroy & Boch, Arrow Bathware, Masco Corporation, Fortune Brands...;https://nysenewstimes.com/sanitary-ceramics-ware-industry-2020-global-market-emerging-trends-dynamics-share-size-and-2026-forecast-report/&sa=U&ved=2ahUKEwjcy7uO0avoAhXDxYsBHRNSB-Y4FBDF9AEwAXoECAgQAQ&usg=AOvVaw2IXf83ym64bgDR8qWRlznd
15:06:34;20/03/2020;Countertop Double Washbasin Market Development and Growth Factors 2020-2026 ALKE, AXIA, CATALANO, FLAMINIA;Villeroy & Boch Mundilite Keramag BAXAR. Countertop Double Washb. Global Countertop Double Washbasin market classification by product types: Ceramic;https://www.bccourier.com/countertop-double-washbasin-market-development-and-growth-factors-2020-2026-alke-axia-catalano-flaminia/&sa=U&ved=2ahUKEwjcy7uO0avoAhXDxYsBHRNSB-Y4FBDF9AEwA3oECAkQAQ&usg=AOvVaw1Nr35GtKNU2DUovZdIEg70
15:06:34;20/03/2020;Newsticker Corona: Berliner Sparkasse bietet Tilgungsaussetzung von Krediten an - 20.03.20;08.37 Uhr - Die EZB sichert nach den Worten von Ratsmitglied Francois Villeroy de Galhau mit ihrem Maßnahmenpaket die Liquidität in der Euro-Zone.;https://www.boerse-online.de/nachrichten/aktien/newsticker-corona-berliner-sparkasse-bietet-tilgungsaussetzung-von-krediten-an-1029012755&sa=U&ved=2ahUKEwjcy7uO0avoAhXDxYsBHRNSB-Y4FBDF9AEwB3oECAUQAQ&usg=AOvVaw0X0Onxp5LbEBSzXzwe2BB6
15:06:34;20/03/2020;Coronavirus / suspension du remboursement des crédits ...;... Villeroy de Galhau sur BFM Business où il était interrogé sur l'éventuelle nécessité de suspendre pour les particuliers leséchéances de paiement de crédit.;https://www.francetransactions.com/actus/immobilier/marche-immo/coronavirus-suspension-du-remboursement-des-credits-immobiliers-une-vraie.html&sa=U&ved=2ahUKEwjZkoeQ0avoAhVmyIsBHakEBXE4HhDF9AEwAXoECAgQAQ&usg=AOvVaw0DGGIDqyY123ggHXxnpP2G
15:06:34;20/03/2020;Sanitary Metal Ware Market 2020-2026: Research Report by Key Companies, Future Trend, Pipeline Projects, Product, Application, Growth and Regional Forecasts;"JOYOU; JOMOO; Kohler; TOTO; Moen; Lota; Grohe; Swell; Roca; Hansgrohe; Huayi; American Standard; Delta; HUIDA; Delong; SEAGULL; Villeroy and Boch...";https://rsfenews.com/2020/03/20/sanitary-metal-ware-market-2020-2026-research-report-by-key-companies-future-trend-pipeline-projects-product-application-growth-and-regional-forecasts/&sa=U&ved=2ahUKEwjZkoeQ0avoAhVmyIsBHakEBXE4HhDF9AEwBnoECAIQAQ&usg=AOvVaw0duuFAQGY_0s_AKlntAzmS
15:06:34;20/03/2020;Pour la Banque de France, le paiement des crédits immobiliers est préservé;... Villeroy de Galhau sur BFM Business où il était interrogé sur l'éventuelle nécessité de suspendre pour les particuliers les échéances de paiement de crédit.;https://www.immoweek.fr/logement/actualite/pour-la-banque-de-france-le-paiement-des-credits-immobiliers-est-preserve/&sa=U&ved=2ahUKEwjjmdCR0avoAhUFL6YKHYq-DM04KBDF9AEwAHoECAAQAQ&usg=AOvVaw2U3p79EceuqnMVk9I0Ozgs
