Keyword: ;Bitcoin price
""
Stimmung: ;0.018012820512820514;Positiv
Subjektivität: ;0.007692307692307693;Faktenbasiert
17:18:53;20/03/2020;The Puell Multiple Is Turning Bullish on Bitcoin - CoinDesk;Bitcoin's (BTC) recent sell-off has pushed prices on the top cryptocurrency by ... However, with the price slide, a key indicator called the “Puell Multiple” has...;https://www.coindesk.com/the-puell-multiple-is-turning-bullish-on-bitcoin&sa=U&ved=2ahUKEwiSvb27wKnoAhWC66YKHcbTCtY4HhDF9AEwCXoECAIQAQ&usg=AOvVaw0zFDIn3jAQSUMF3Qc5Xeeo
17:15:53;20/03/2020;Risky Economic Policy Means Bitcoin’s Real Test Awaits, Says Crypto Attorney;Bitcoin's price and core value proposition have taken a beating in recent weeks. Cryptocurrency attorney Jake Chervinksy warns that the real test for Bitcoin and...;https://beincrypto.com/risky-economic-policy-means-bitcoins-real-test-awaits-says-crypto-attorney/&sa=U&ved=2ahUKEwiSvb27wKnoAhWC66YKHcbTCtY4HhDF9AEwBHoECAYQAQ&usg=AOvVaw00QdWMkNQCoZjyk3XkNQPC
17:04:53;20/03/2020;Prelude to Bull Run: Bitcoin Hash Ribbons Signal Miner Capitulation Only Just Started;Hash rate is plummeting faster than Bitcoin's price, suggesting that miners are starting to turn off their machines and await higher prices to return. An indicator...;https://www.newsbtc.com/2020/03/20/prelude-to-bull-run-bitcoin-hash-ribbons-signal-miner-capitulation-only-just-started/&sa=U&ved=2ahUKEwjR3Ye9wKnoAhUl06YKHeSSCEc4MhDF9AEwBnoECAYQAQ&usg=AOvVaw22HINTh3KvyCvjKrbdkl3T
16:46:53;20/03/2020;180-Grad-Drehung – Bitcoin wird zum plötzlichen Profiteur der Corona-Krise;Bitcoin liegt trotz Corona plötzlich wieder im Aufwind und könnte zum heimlichen Nutznießer der Krise werden. 107 Gesamte Aufrufe. 180-Grad-Drehung...;https://de.cointelegraph.com/news/raoul-pal-super-bullish-on-bitcoin-price-after-miraculous-80-rebound&sa=U&ved=2ahUKEwjHp4m4wKnoAhVFcZoKHRREA5IQxfQBMAl6BAgAEAE&usg=AOvVaw1JsmF6hQ7aRFxhPOLjY0yJ
16:46:53;20/03/2020;180-Grad-Drehung – Bitcoin wird zum plötzlichen Profiteur der Corona-Krise;Bitcoin liegt trotz Corona plötzlich wieder im Aufwind und könnte zum heimlichen Nutznießer der Krise werden. 107 Gesamte Aufrufe. 180-Grad-Drehung...;https://de.cointelegraph.com/news/raoul-pal-super-bullish-on-bitcoin-price-after-miraculous-80-rebound&sa=U&ved=2ahUKEwi399i5wKnoAhUqlEsFHRYgAYw4ChDF9AEwAXoECAcQAQ&usg=AOvVaw0Lqk80uEL9_33OZ4pCnIVJ
16:46:53;20/03/2020;Crypto hedge fund Adaptive Capital is shutting down after it 'took a big hit' during last week's bitcoin price plunge;The price of bitcoin fell by more than $1,000 on March 13, following a period of relative calm for the digital asset compared to the U.S. stock market. The Dow Jones...;https://www.theblockcrypto.com/post/59343/crypto-hedge-fund-adaptive-capital-is-shutting-down-after-it-took-a-big-hit-during-last-weeks-bitcoin-price-plunge&sa=U&ved=2ahUKEwiLvtS6wKnoAhUa6KYKHVjPCt84FBDF9AEwA3oECAgQAQ&usg=AOvVaw1JXkuvtKPMkmHle6cCQmrn
16:46:53;20/03/2020;Bitcoin Breakout Engages First Resistance Zone, Strength Moderate — Price Analysis;"Bitcoin Breakout Engages First Resistance Zone, Strength Moderate — Price Analysis. Colin Muller. 20 Mar 2020; /; In #Bitcoin , #...";https://www.cryptoglobe.com/latest/2020/03/bitcoin-breakout-engages-first-resistance-zone-strength-moderate-price-analysis/&sa=U&ved=2ahUKEwiSvb27wKnoAhWC66YKHcbTCtY4HhDF9AEwCHoECAEQAQ&usg=AOvVaw3CXOXXykgtPaxA5cDhadmX
15:46:53;20/03/2020;Contrary To Popular Belief, Bitcoin Isn't Consistently Correlated To Anything;Bitcoin's price has not always travelled in line with traditional markets, however. Based on bitcoin's chart, compared to the S&P 500 index, another popular...;https://www.forbes.com/sites/benjaminpirus/2020/03/20/contrary-to-popular-belief-bitcoin-isnt-consistently-correlated-to-anything/&sa=U&ved=2ahUKEwiLvtS6wKnoAhUa6KYKHVjPCt84FBDF9AEwCXoECAYQAQ&usg=AOvVaw1Xh9Xf214Aj1ByMb6H0y-_
15:46:53;20/03/2020;Miko Matsumura on BTC, USD, & the Effects of Corona: What’s Next?;In theory, this will cause Bitcoin's price and usage to reach new heights. As murmurs of the Coronavirus's spread in Wuhan began to spread around the globe, a...;https://www.financemagnates.com/cryptocurrency/news/miko-matsumura-on-btc-usd-the-effects-of-corona-whats-next/&sa=U&ved=2ahUKEwiSvb27wKnoAhWC66YKHcbTCtY4HhDF9AEwAXoECAgQAQ&usg=AOvVaw37se6H53MfPkLUcVnB-adM
15:46:53;20/03/2020;Bitcoin's sharp recovery to take price beyond $7,000 in next week: deVere CEO;Bitcoin's sharp recovery to take price beyond $7,000 in next week: deVere CEO. March 20, 2020 (Investorideas.com Newswire) The price of Bitcoin is likely to...;https://www.investorideas.com/news/2020/cryptocurrency/03201Bitcoin-SharpRecovery.asp&sa=U&ved=2ahUKEwiSvb27wKnoAhWC66YKHcbTCtY4HhDF9AEwA3oECAcQAQ&usg=AOvVaw0FFeUl4-zYAdMta6t01kgf
15:46:53;20/03/2020;"Litecoin Faces Resistance at $43; technicals appear partly Bullish";"Litecoin Responds to BTC's Price Rally; Reaches Above $40 ... Bitcoin has climbed above $6000, while XRP and ETH are also testing resistance levels with a...";https://www.cryptonewsz.com/litecoin-responds-to-btcs-price-rally-reaches-above-40/&sa=U&ved=2ahUKEwiSvb27wKnoAhWC66YKHcbTCtY4HhDF9AEwBXoECAQQAQ&usg=AOvVaw3V2uiAqaDWgyQTZmnLEcsD
15:46:53;20/03/2020;Bitcoin Nears the Major Resistance at $7k Just to Dip at $6.5k;Analyzing the price movement of Bitcoin against the US Dollar on a 5-hourly chart, we see that the coin has been on a continual spike over the past 24 hours. After...;https://www.cryptonewsz.com/bitcoin-impressively-trades-above-6-5k-yet-faces-a-notable-sell-off/&sa=U&ved=2ahUKEwjLrqG8wKnoAhXBxMQBHbx2Adw4KBDF9AEwCXoECAMQAQ&usg=AOvVaw0T0DZt6LdeUXO5RNFrwUl1
15:46:53;20/03/2020;Market Update: Bulls Return, 120 Million Tethers Minted, Bitcoin ...;BTC prices on March 20, 2020, at 9:45 a.m. EST. At the time of publication, the crypto asset is trading for $6,590 per BTC and the coin's market capitalization has...;https://news.bitcoin.com/bulls-return-120-million-tether-bitcoin-halving/&sa=U&ved=2ahUKEwjMu-a9wKnoAhWHYsAKHSoLDDg4PBDF9AEwAXoECAkQAQ&usg=AOvVaw12SAFi-nBXXVhhf6OfCTwJ
15:46:53;20/03/2020;Customized Crypto Options Seeing Record Demand From Funds, Miners, Says GSR - CoinDesk;When bitcoin's price plunged from $7,800 to $4,100 last week, volatility shot up ... as dealing with price volatility, also have to prepare for the upcoming bitcoin...;https://www.coindesk.com/customized-crypto-options-seeing-record-demand-from-funds-miners-says-gsr&sa=U&ved=2ahUKEwjMu-a9wKnoAhWHYsAKHSoLDDg4PBDF9AEwBHoECAIQAQ&usg=AOvVaw1pVYJ-iqxxRoUk2-NHvTHK
14:46:53;20/03/2020;GRAYSCALE BITCOIN TRUST (BTC) : Management's Discussion and Analysis of Financial Condition and Results of Operations (form 10-K);each Bitcoin Market in the trailing twelve months. • Third, the Trust then reviews intra-day pricing fluctuations and the. degree of variances in price on Bitcoin...;https://www.marketscreener.com/BITCOIN-INVESTMENT-TRUST-32656560/news/GRAYSCALE-BITCOIN-TRUST-BTC-Management-s-Discussion-and-Analysis-of-Financial-Condition-and-Resu-30196175/&sa=U&ved=2ahUKEwjR3Ye9wKnoAhUl06YKHeSSCEc4MhDF9AEwAnoECAcQAQ&usg=AOvVaw3-gWxy78fmBSvpU2uNQy1_
14:46:53;20/03/2020;Form 10-K Grayscale Bitcoin Trust For: Dec 31;There can be no assurance as to the price or prices for any Incidental Rights or IR Virtual Currency that the agent may realize, and the value of the Incidental...;https://www.streetinsider.com/SEC%2BFilings/Form%2B10-K%2BGrayscale%2BBitcoin%2BTrust%2BFor%253A%2BDec%2B31/16643665.html&sa=U&ved=2ahUKEwjR3Ye9wKnoAhUl06YKHeSSCEc4MhDF9AEwBHoECAUQAQ&usg=AOvVaw34IdqdZBE6vIwRhqa4wBj1
14:46:53;20/03/2020;10 things you need to know before the opening bell;Goldman's forecast would mark an eight-fold increase, more than tripling the previous record set in 1982. 3. Bitcoin price rockets as investors look for a new safe...;https://markets.businessinsider.com/news/stocks/opening-bell-march-20-2020-3-1029016862&sa=U&ved=2ahUKEwjR3Ye9wKnoAhUl06YKHeSSCEc4MhDF9AEwCHoECAAQAQ&usg=AOvVaw0E7Wj9uvfBCHFw9s9jsLDf
14:46:53;20/03/2020;US open - Central banks, oil, gold, bitcoin;Gold prices appear to be stabilizing but its role in the markets right now is anyone's guess. Today's it's rebounded alongside the improvement in risk appetite, while...;https://www.marketpulse.com/20200320/us-open-central-banks-oil-gold-bitcoin/&sa=U&ved=2ahUKEwiOm6W_wKnoAhWEh1wKHU7gCAI4UBDF9AEwBnoECAQQAQ&usg=AOvVaw3uUFcP3NHV4iDkmn1tC1wH
14:46:53;20/03/2020;Saga Partners with Keyless Wallet ZenGo as SGA Profits from Stablecoin Scare;Spiraling gas prices resulted in MakerDAO liquidations failing to go through, leading to $4M of ETH being auctioned off for $0. 14 BTC & 30,000 Free Spins for...;https://www.newsbtc.com/2020/03/20/saga-partners-with-keyless-wallet-zengo-as-sga-profits-from-stablecoin-scare/&sa=U&ved=2ahUKEwiM5szBwKnoAhV5ycQBHeydA884bhDF9AEwAnoECAgQAQ&usg=AOvVaw1qNxIlI8pz2NJvRrI0FUnf
14:46:53;20/03/2020;Le Bel 20 efface ses pertes de la semaine;... 567 magasins Leader Price dans l'Hexagone, et ce, pour une valeur d'entreprise ... Au cours des quatre derniers jours, le bitcoin a grimpé de près de 35% à...;https://www.lecho.be/les-marches/live-blog/le-bel-20-efface-ses-pertes-de-la-semaine/10215747.html&sa=U&ved=2ahUKEwj-hrfCwKnoAhXtx6YKHfQ2ALg4eBDF9AEwAHoECAQQAQ&usg=AOvVaw1mpBzQT0Lk3WbryguLiP0H
14:46:53;20/03/2020;Amino Network (AMIO) Price Reaches $0.0166 on Top Exchanges;One Amino Network token can now be bought for approximately $0.0166 or 0.00000251 BTC on popular exchanges including KuCoin and MXC. Amino...;https://washamweekly.com/2020/03/20/amino-network-amio-price-reaches-0-0166-on-top-exchanges.html&sa=U&ved=2ahUKEwj-hrfCwKnoAhXtx6YKHfQ2ALg4eBDF9AEwCHoECAAQAQ&usg=AOvVaw1vNnBYWir9X484lrJQpFig
13:46:53;20/03/2020;Bitcoin's Price Recovery May Take Months: Fundstrat Analyst;Bitcoin's (BTC) road to recovery could be a long one, according to Rob Sluymer, a technical researcher at market research firm Fundstrat Global Advisors.;https://cointelegraph.com/news/bitcoins-price-recovery-may-take-months-fundstrat-analyst&sa=U&ved=2ahUKEwjHp4m4wKnoAhVFcZoKHRREA5IQxfQBMAF6BAgJEAE&usg=AOvVaw3SswfSptuRgLW0j6oc0cRr
13:46:53;20/03/2020;Top Analyst Explains Why Bitcoin Price is Up 78% amid Coronavirus Outbreak;Nevertheless, a renewed buying interest near the session lows helped the price rebound, eventually taking it up by 78 percent by this Friday. bitcoin,...;https://www.newsbtc.com/2020/03/20/top-analyst-explains-why-bitcoin-price-is-up-78-amid-coronavirus-outbreak/&sa=U&ved=2ahUKEwjHp4m4wKnoAhVFcZoKHRREA5IQxfQBMAN6BAgHEAE&usg=AOvVaw25aNG5xBA7iUgtiRAOhE1I
13:46:53;20/03/2020;Bitcoin Price Spikes to $7K as Fed Balance Sheet Nears $5 Trillion;Bitcoin (BTC) was gearing up to crack $7,000 on March 20 as the cryptocurrency's miraculous turnaround produced almost 90% weekly gains. Cryptocurrency...;https://cointelegraph.com/news/bitcoin-price-spikes-to-7k-as-fed-balance-sheet-nears-5-trillion&sa=U&ved=2ahUKEwjHp4m4wKnoAhVFcZoKHRREA5IQxfQBMAR6BAgGEAE&usg=AOvVaw3QODHbuX4sWIQ_xcF5R6Nl
13:46:53;20/03/2020;Bitcoin daily chart alert - Solid late-week price gains revive bulls ...;Bulls are showing very impressive power late this week, have negated a price downtrend on the daily chart and have reclaimed the slight near-term technical...;https://www.kitco.com/news/2020-03-20/Bitcoin-daily-chart-alert-Solid-late-week-price-gains-revive-bulls-Mar-20.html&sa=U&ved=2ahUKEwjLrqG8wKnoAhXBxMQBHbx2Adw4KBDF9AEwBHoECAUQAQ&usg=AOvVaw1UTAG2MFX_e9Pn3CEtkdxi
13:46:53;20/03/2020;China's Changing Perception of Bitcoin: Bitkan CEO Shares Insights ...;This is due to regulation and the price of bitcoin.” Covid-19 Crisis and Ensuing Market Slump. “I think the financial crisis has arrived.;https://news.bitcoin.com/chinas-changing-perception-of-bitcoin-bitkan/&sa=U&ved=2ahUKEwjLrqG8wKnoAhXBxMQBHbx2Adw4KBDF9AEwBnoECAIQAQ&usg=AOvVaw0GS4qGwNo487GU__HAJ64j
13:46:53;20/03/2020;Global Stocks Soar on Optimism of Fiscal and Monetary Stimulus;The price of Bitcoin rallied by about 16% after violent selling in the past two weeks. As with gold, the price of BTC has been affected by the current volatility in the...;https://www.fxstreet.com/analysis/global-stocks-soar-on-optimism-of-fiscal-and-monetary-stimulus-202003201245&sa=U&ved=2ahUKEwiOm6W_wKnoAhWEh1wKHU7gCAI4UBDF9AEwB3oECAYQAQ&usg=AOvVaw2MpexFCfDthnXm6Pm0QtNw
12:46:53;20/03/2020;Bitcoin gewinnt über 21 % und klettert zurück in Richtung 7.200 US-Dollar;Nachdem Bitcoin in der Nacht (BTC) einen satten Aufschwung von 21,6 % hinlegen konnte und dadurch ein siebentägiges Hoch von 6.375 US-Dollar erreicht hat,...;https://de.cointelegraph.com/news/heres-how-high-bitcoin-price-may-go-if-64k-becomes-new-support&sa=U&ved=2ahUKEwi399i5wKnoAhUqlEsFHRYgAYw4ChDF9AEwBHoECAUQAQ&usg=AOvVaw118bul3uutWpXaIqbxC0Z0
12:46:53;20/03/2020;Bitcoin Sees Impressive 23% Price Surge – How Far Above $7,000 Can We Go?;The cryptocurrency price increase even managed to allow Bitcoin to break above $7,000, however, it ran into resistance at the bearish .618 Fibonacci Retracement...;https://coingape.com/bitcoin-sees-impressive-23-price-surge-how-far-above-7000-can-we-go/&sa=U&ved=2ahUKEwiLvtS6wKnoAhUa6KYKHVjPCt84FBDF9AEwAXoECAkQAQ&usg=AOvVaw3TL3AR6I68QWDRmESD7oT7
12:46:53;20/03/2020;Satoshi Nakaboto: ‘Bitcoin bounces 18% in 24 hours’;It was the highest closing price in seven days. We're still 69 percent below Bitcoin's all-time high of $20,089 (December 17 2017). Bitcoin market cap. Bitcoin's...;https://thenextweb.com/hardfork/2020/03/20/satoshi-nakaboto-bitcoin-bounces-18-in-24-hours/&sa=U&ved=2ahUKEwjLrqG8wKnoAhXBxMQBHbx2Adw4KBDF9AEwAHoECAQQAQ&usg=AOvVaw1ZkasBHqmhiMB-jrdbu5pm
12:46:53;20/03/2020;Bitcoin Surges 25% In 24 Hours;Bitcoin price has surged 25% in the last 24 hours to trade around the $7,000 mark after dropping almost 60% in the last 2 weeks. The rest of the crypto market is...;https://invezz.com/news/2020/03/20/bitcoin-surges-25-in-24-hours/&sa=U&ved=2ahUKEwjLrqG8wKnoAhXBxMQBHbx2Adw4KBDF9AEwAnoECAgQAQ&usg=AOvVaw3WbWuM3KQiUSs7ZAFrq1Qb
12:46:53;20/03/2020;'Central banks are on their A game': Stocks, oil, and bitcoin rally as stimulus efforts temper coronaviru..;Oil prices pared gains, with West Texas Intermediate down 1% at $25.60 a barrel and Brent crude up 0.4% at $28.60. The benchmark 10-year Treasury yield fell to...;https://markets.businessinsider.com/news/stocks/stocks-oil-bitcoin-rally-stimulus-efforts-temper-coronavirus-fears-2020-3-1029016158&sa=U&ved=2ahUKEwiu8sy-wKnoAhWN16YKHSBUD8U4RhDF9AEwA3oECAgQAQ&usg=AOvVaw20_H9F2PqDI1qf9Mt1NHQr
12:46:53;20/03/2020;Is Bitcoin Primed to Decouple From Legacy Assets?;Price action shows considerable strength, and many believe Bitcoin is primed for take-off as the global markets continue to deteriorate. Bitcoin, with the help of...;https://btcmanager.com/bitcoin-decouple-legacy-assets/&sa=U&ved=2ahUKEwiu8sy-wKnoAhWN16YKHSBUD8U4RhDF9AEwB3oECAAQAQ&usg=AOvVaw2c8dSU5LIE57tGfEQEOSml
12:46:53;20/03/2020;Raoul Pal es súper alcista sobre el precio de Bitcoin después de un milagroso rebote del 80%;Frente a los mínimos de la semana pasada alrededor de los USD 3,700, el par ha subido un 79,5%. Bitcoin price 7-day chart. Gráfico de Bitcoin de 7 días. Fuente:...;https://es.cointelegraph.com/news/raoul-pal-super-bullish-on-bitcoin-price-after-miraculous-80-rebound&sa=U&ved=2ahUKEwiqgYTAwKnoAhVBolwKHTLrACw4WhDF9AEwAHoECAYQAQ&usg=AOvVaw28NPx31ibwiahORcUs7O9L
12:46:53;20/03/2020;All You Need to Know About Bitcoin Wallets in...;Might come at a slightly higher price but like all hardware wallets, it is certainly worth it. These are some wallet samples available to you in 2020. However...;https://www.coinspeaker.com/all-you-need-to-know-about-bitcoin-wallets-in-2020/&sa=U&ved=2ahUKEwiqgYTAwKnoAhVBolwKHTLrACw4WhDF9AEwAnoECAcQAQ&usg=AOvVaw2UTw_yz_NYS_O2FN4HgX-g
12:46:53;20/03/2020;AUD/USD: AUD is unlikely to turn around until equities bottom – HSBC;Next: Bitcoin price rockets 23% as investors look for a new safe haven. 'The crypto king is on fire.' Related Articles. AUD/USD Analysis: Testing resistance...;https://forextv.com/aud-australian-dollar/aud-usd-aud-is-unlikely-to-turn-around-until-equities-bottom-hsbc/&sa=U&ved=2ahUKEwiMoOfAwKnoAhWuw8QBHVp7BRA4ZBDF9AEwBXoECAMQAQ&usg=AOvVaw3zoRo-Tt9Hd4_treuUMqnQ
12:46:53;20/03/2020;Bakkt’s Ex-CEO, Sen. Kelly Loeffler Reportedly Dumped Millions in Stock Following COVID-19 Briefing;... report, Kelly Loeffler, the former CEO of Bakkt – the Bitcoin futures trading platform, ... Since then, the company's stock price has dropped by more than half.;https://cryptopotato.com/bakkts-ex-ceo-sen-kelly-loeffler-reportedly-dumped-millions-in-stock-following-covid-19-briefing/&sa=U&ved=2ahUKEwiM5szBwKnoAhV5ycQBHeydA884bhDF9AEwBnoECAAQAQ&usg=AOvVaw091j-xae2tIxtMG_B3bXSW
11:46:53;20/03/2020;Raoul Pal Super Bullish on Bitcoin Price After Miraculous 80% Rebound;Bitcoin (BTC) is now turning the ongoing coronavirus disaster into a cause for gains — the cryptocurrency is up 80% in just one week. As the effects of the...;https://cointelegraph.com/news/raoul-pal-super-bullish-on-bitcoin-price-after-miraculous-80-rebound&sa=U&ved=2ahUKEwjHp4m4wKnoAhVFcZoKHRREA5IQxfQBMAV6BAgCEAE&usg=AOvVaw0n4UxnR-L2RwMRWrVuxNHN
11:46:53;20/03/2020;Bitcoin Price Surges as US Stock Futures Recovers;Cryptocurrency traders are looking up to making short-term profits from the price movements in the Bitcoin Charts. Meanwhile, the Wall Street Journal also reported...;https://coinpedia.org/news/bitcoin-price-surges-as-us-stock-futures-recovers/&sa=U&ved=2ahUKEwiLvtS6wKnoAhUa6KYKHVjPCt84FBDF9AEwBHoECAQQAQ&usg=AOvVaw1nC0BKbNNd0uNoKeUhY5vP
11:46:53;20/03/2020;South Korea Cements Pro-Crypto Law Amendment – March 19;Bitcoin price has risen 7% over the last 24 hours, as it appears to begin ... Cements Pro-Crypto Law Amendment – March 19 appeared first on BitcoinPrice.com.;https://cryptonewspipe.com/south-korea-cements-pro-crypto-law-amendment-march-19/&sa=U&ved=2ahUKEwiqgYTAwKnoAhVBolwKHTLrACw4WhDF9AEwB3oECAQQAQ&usg=AOvVaw2LuNd3aAwmZ6T_NzR-XmUZ
11:46:53;20/03/2020;Carnival offers use of its cruise ships as temporary hospitals;... conditions that may substantially affect the price and/or liquidity of a currency. ... of seasonal and geopolitical events is already factored into market prices.;https://forextv.com/market-news/carnival-offers-use-of-its-cruise-ships-as-temporary-hospitals/&sa=U&ved=2ahUKEwj-hrfCwKnoAhXtx6YKHfQ2ALg4eBDF9AEwAnoECAgQAQ&usg=AOvVaw1t91H-rblFy_cNXJM0KllK
10:46:53;20/03/2020;Bitcoin Kurs Pump nur eine Bullenfalle oder der Anfang einer ...;$BTC rejected off the point of control (highest traded volume price) – a level that we saw act as support twice before the breakdown. For me to start to feel bullish,...;https://cryptomonday.de/bitcoin-kurs-pump-nur-eine-bullenfalle-oder-der-anfang-einer-aufwaertsrallye/&sa=U&ved=2ahUKEwjHp4m4wKnoAhVFcZoKHRREA5IQxfQBMAB6BAgBEAE&usg=AOvVaw3kfOhBDSvG5djc9XKKzxEl
10:46:53;20/03/2020;Bitcoin Price Over 70% Higher Since Recent Lows;Bitcoin price reverses early losses and jumps over 7% as the rebound from March 2019 lows continues for the fourth day in a row. As the coordinated actions...;https://www.investingcube.com/bitcoin-price-over-70-higher-since-recent-lows/&sa=U&ved=2ahUKEwi399i5wKnoAhUqlEsFHRYgAYw4ChDF9AEwB3oECAMQAQ&usg=AOvVaw1WoOBX9U04zCgpyKIlJuHl
10:46:53;20/03/2020;What an Uptick in 'Coinjoins' Says About Bitcoin's Value Proposition - CoinDesk;"If the bitcoin price drops low and stays there, it will be less profitable for miners to power the network. ""Then all the commercial infrastructure of bitcoin is generally...";https://www.coindesk.com/what-an-uptick-in-coinjoins-says-about-bitcoins-value-proposition&sa=U&ved=2ahUKEwiLvtS6wKnoAhUa6KYKHVjPCt84FBDF9AEwAnoECAcQAQ&usg=AOvVaw1h4UrwjgciSPfQOXUfx-m2
10:46:53;20/03/2020;Tezos Price Analysis: Following Bitcoin’s Surge, XTZ Soars 23% In A Day;Against Bitcoin, Tezos slightly bounce around 25000 SAT support after heavy correction, but bullish actions are still shaky. Tezos would confirm a trend reversal if...;https://cryptopotato.com/tezos-price-analysis-following-bitcoins-surge-xtz-soars-23-in-a-day/&sa=U&ved=2ahUKEwjR3Ye9wKnoAhUl06YKHeSSCEc4MhDF9AEwAXoECAkQAQ&usg=AOvVaw2Odgb8kk6melKNu-VbclGb
10:46:53;20/03/2020;Aquí está lo alto que puede llegar a ser el precio de Bitcoin si los USD 6,400 se convierten en un nuevo soporte;Después de subir un 21.6% hasta un nuevo máximo de siete días en los USD 6,375, los comerciantes de Bitcoin (BTC) parecen decididos a subir el precio a USD...;https://es.cointelegraph.com/news/heres-how-high-bitcoin-price-may-go-if-64k-becomes-new-support&sa=U&ved=2ahUKEwiu8sy-wKnoAhWN16YKHSBUD8U4RhDF9AEwCXoECAEQAQ&usg=AOvVaw2IEF998ymHzdOnlCh8P6dj
10:46:53;20/03/2020;Aquí está lo alto que puede llegar a ser el precio de Bitcoin si los USD 6,400 se convierten en un nuevo soporte;Después de subir un 21.6% hasta un nuevo máximo de siete días en los USD 6,375, los comerciantes de Bitcoin (BTC) parecen decididos a subir el precio a USD...;https://es.cointelegraph.com/news/heres-how-high-bitcoin-price-may-go-if-64k-becomes-new-support&sa=U&ved=2ahUKEwiOm6W_wKnoAhWEh1wKHU7gCAI4UBDF9AEwAHoECAEQAQ&usg=AOvVaw3xzJFQ1T_J0AntnGIVwmaL
10:46:53;20/03/2020;"""Le temps de tout vendre est passé"" sur les bourses";... trois entrepôts et de 567 magasins Leader Price dans l'Hexagone, et ce, pour une ... Au cours des quatre derniers jours, le bitcoin a grimpé de près de 35% à...;https://www.lecho.be/les-marches/live-blog/le-temps-de-tout-vendre-est-passe-sur-les-bourses/10215747.html&sa=U&ved=2ahUKEwj-hrfCwKnoAhXtx6YKHfQ2ALg4eBDF9AEwBHoECAUQAQ&usg=AOvVaw1QrRM3dXmzXIiQBGshfe2W
09:46:53;20/03/2020;Here's How High Bitcoin Price May Go if $6.4K Becomes New Support;After rallying 21.6% to a new seven-day high at $6,375, Bitcoin (BTC) traders now seem intent on pushing the price higher to $7,200. The digital asset has made...;https://cointelegraph.com/news/heres-how-high-bitcoin-price-may-go-if-64k-becomes-new-support&sa=U&ved=2ahUKEwjHp4m4wKnoAhVFcZoKHRREA5IQxfQBMAJ6BAgIEAE&usg=AOvVaw2bHQ5-0xhoZH4aezP64Pfh
09:46:53;20/03/2020;Cryptocurrencies surged, Bitcoin Above $6K;Bitcoin's price moved with increasing volume past its +1SD Bollinger line and continue ascending to finally touch its +2SD line. That shows the strength of the...;https://www.fxstreet.com/cryptocurrencies/news/cryptocurrencies-surged-bitcoin-above-6k-202003200842&sa=U&ved=2ahUKEwiSvb27wKnoAhWC66YKHcbTCtY4HhDF9AEwAnoECAkQAQ&usg=AOvVaw0Bqibaujp1giDhpvRd-5gr
09:46:53;20/03/2020;Cryptocurrencies Price Analysis: Bitcoin SV, IOTA, Bitcoin Cash, Binance Coin, Tezos;Finally, the day has come when the crypto market is facing significant overall bullish momentum. Bitcoin has crossed the crucial price level of $6k and looking...;https://www.thecoinrepublic.com/2020/03/20/cryptocurrencies-price-analysis-bitcoin-sv-iota-bitcoin-cash-binance-coin-tezos/&sa=U&ved=2ahUKEwiSvb27wKnoAhWC66YKHcbTCtY4HhDF9AEwBnoECAAQAQ&usg=AOvVaw23MZlWRX1pe5f0eRPOeEjt
09:46:53;20/03/2020;Bitcoin Climbs 15% In Bullish Trade;At its current price, Bitcoin is still down 66.84% from its all-time high of $19,870.62 set on December 17, 2017. Elsewhere in cryptocurrency trading. Ethereum was...;https://finance.yahoo.com/news/bitcoin-climbs-15-bullish-trade-082200089.html&sa=U&ved=2ahUKEwjR3Ye9wKnoAhUl06YKHeSSCEc4MhDF9AEwBXoECAEQAQ&usg=AOvVaw0yIrBNgGmDz1WJXGic4MLq
09:46:53;20/03/2020;Breaking: Bitcoin shoots past $6,600, hits the highest level since March 12;From the technical point of view, BTC/USD is attempting to get back inside the range that dominated the price movements in the end of December 2019.;https://www.fxstreet.com/cryptocurrencies/news/breaking-bitcoin-shoots-past-6-600-hits-the-highest-level-since-march-12-202003200823&sa=U&ved=2ahUKEwiu8sy-wKnoAhWN16YKHSBUD8U4RhDF9AEwBHoECAYQAQ&usg=AOvVaw0ejnogoLFzBUmpQRaHu1lO
09:46:53;20/03/2020;Banking Closure in Venezuela Drives Bitcoin Trading Amid COVID-19 Pandemic;... Colombia over the last seven days.The last time we saw such figures was back in 2019 when the price of bitcoin escalated after a long period of crypto winter.;https://www.tronweekly.com/banking-closure-in-venezuela-drives-bitcoin-trading-amid-covid-19-pandemic/&sa=U&ved=2ahUKEwiu8sy-wKnoAhWN16YKHSBUD8U4RhDF9AEwBnoECAUQAQ&usg=AOvVaw3O-tc6h6NkJ91178-YwToF
09:46:53;20/03/2020;Yüzde 20’lik Bitcoin (BTC) Fiyat Hareketi Boğa Tuzağı Olabilir;$BTC rejected off the point of control (highest traded volume price) – a level that we saw act as support twice before the breakdown. For me to start to feel bullish,...;https://www.coinkolik.com/yuzde-20lik-bitcoin-btc-fiyat-hareketi-boga-tuzagi-olabilir/&sa=U&ved=2ahUKEwiOm6W_wKnoAhWEh1wKHU7gCAI4UBDF9AEwBHoECAIQAQ&usg=AOvVaw2SLllBdksp5-JMLo2-53Jb
09:46:53;20/03/2020;Bitcoin impenna del 20%, sfiora i 6.400$;Dopo una crescita di oltre il 20% che ha permesso a Bitcoin (BTC) di raggiungere un massimo settimanale di 6.375$, i trader della criptovaluta stanno ora...;https://it.cointelegraph.com/news/heres-how-high-bitcoin-price-may-go-if-64k-becomes-new-support&sa=U&ved=2ahUKEwiqgYTAwKnoAhVBolwKHTLrACw4WhDF9AEwBHoECAIQAQ&usg=AOvVaw3m5bxk1EsXKXnxjMV9pz_A
08:46:53;20/03/2020;Top Investment Instruments;Since its launch in 2009 until 2019, the price of Bitcoin has increased by 236.7 million % (!). Naturally, no conversation about cryptocurrencies is complete without...;https://www.newsbtc.com/2020/03/20/top-investment-instruments/&sa=U&ved=2ahUKEwiMoOfAwKnoAhWuw8QBHVp7BRA4ZBDF9AEwAHoECAIQAQ&usg=AOvVaw0XjCPgzwnn3kLFI5uJFQIH
08:46:53;20/03/2020;Ethereum Classic (ETC) Eyeing bullish breakout due to current support level.;If prices manage to overcome it, there will be a heavy dominance of bulls. ... TheCoinRepublic is a leading Bitcoin, blockchain, Cryptocurrency, and altcoin News...;https://www.thecoinrepublic.com/2020/03/19/ethereum-classicetc-eyeing-bullish-breakout-due-to-current-support-level/&sa=U&ved=2ahUKEwiM5szBwKnoAhV5ycQBHeydA884bhDF9AEwCHoECAYQAQ&usg=AOvVaw0lSUO99xg4yYdtkPOYgbjs
07:46:53;20/03/2020;Binance CEO CZ Addresses His Failed Bitcoin (BTC) Price Predictions;Binance CEO CZ Addresses His Failed Bitcoin (BTC) Price Predictions. News. Fri, 03/20/2020 - 06:08. Put your;https://u.today/binance-ceo-cz-addresses-his-failed-bitcoin-btc-price-predictions&sa=U&ved=2ahUKEwi399i5wKnoAhUqlEsFHRYgAYw4ChDF9AEwCHoECAAQAQ&usg=AOvVaw0R5Bfx5NLWE8hC4ZnNcL_5
07:46:53;20/03/2020;Cryptocurrency Market Update: Bitcoin eyes $7,000 ignoring the Coronavirus...;Bitcoin price is sitting comfortably above $6,000 as bulls look forward for the next run-up to $7,000. The impact of the Coronavirus continues to terrorized global...;https://www.forexcrunch.com/cryptocurrency-market-update-bitcoin-eyes-7000-ignoring-the-coronavirus-menace/&sa=U&ved=2ahUKEwjR3Ye9wKnoAhUl06YKHeSSCEc4MhDF9AEwCXoECAMQAQ&usg=AOvVaw0v4vHUgqmtozlTszbvz4w0
07:46:53;20/03/2020;Cryptocurrency Market Update: Bitcoin eyes $7,000 ignoring the Coronavirus...;Bitcoin price is sitting comfortably above $6,000 as bulls look forward for the next run-up to $7,000. The impact of the Coronavirus continues to terrorized global...;https://www.forexcrunch.com/cryptocurrency-market-update-bitcoin-eyes-7000-ignoring-the-coronavirus-menace/&sa=U&ved=2ahUKEwjMu-a9wKnoAhWHYsAKHSoLDDg4PBDF9AEwAHoECAQQAQ&usg=AOvVaw3F6oYsLM1Jso4T4Tj_y83q
07:46:53;20/03/2020;Is Bitcoin starting to act like what we expected it to do in an ...;Bitcoin Technical Analysis & Bitcoin News Today: I'll use technical analysis on the Bitcoin price to make a Bitcoin price prediction. Watch the video to learn more!;https://www.ultragamerz.com/is-bitcoin-starting-to-act-what-we-expected-to-do-in-a-economic-recession/&sa=U&ved=2ahUKEwiqgYTAwKnoAhVBolwKHTLrACw4WhDF9AEwAXoECAgQAQ&usg=AOvVaw34Nch97QGIY6yg3z5niQtT
07:46:53;20/03/2020;Cardano Climbs 16% In Rally;At its current price, Cardano is still down 97.54% from its all-time high of $1.35 set on January 4, 2018. Elsewhere in cryptocurrency trading. Bitcoin was last at...;https://finance.yahoo.com/news/cardano-climbs-16-rally-060000817.html&sa=U&ved=2ahUKEwiqgYTAwKnoAhVBolwKHTLrACw4WhDF9AEwCHoECAAQAQ&usg=AOvVaw2mX7dZaTadTj7_y3cNPvTz
07:46:53;20/03/2020;economic;Is Bitcoin starting to act what we expected to do in a economic recession? ... I'll use technical analysis on the Bitcoin price to make a Bitcoin price prediction.;https://www.ultragamerz.com/tag/economic/&sa=U&ved=2ahUKEwiMoOfAwKnoAhWuw8QBHVp7BRA4ZBDF9AEwB3oECAYQAQ&usg=AOvVaw1m1qAGFKC5OjJLPQOs7KsN
06:46:53;20/03/2020;Here’s Why Bitcoin’s 15% Rally Could Fail Near The Key $6,500 Barrier;However, BTC price is now facing a huge barrier near the $6,400 and $6,500 levels. Bitcoin managed to rise above the $5,800 and $6,000 resistance levels...;https://www.newsbtc.com/2020/03/20/bitcoin-15-rally-could-fail-6500/&sa=U&ved=2ahUKEwi399i5wKnoAhUqlEsFHRYgAYw4ChDF9AEwAHoECAIQAQ&usg=AOvVaw2Pc0de1Gxat-24JNKFjtM2
05:46:53;20/03/2020;Bitcoin Price Pumps, but Miners are Dying – Willy Woo on How it ...;Bitcoin [BTC] price broke bullish yesterday, as the price broke above $6200 with a 14.3% rise on a daily scale. However, the total hash rate of miners is dropping...;https://cryptonewspipe.com/bitcoin-price-pumps-but-miners-are-dying-willy-woo-on-how-it-could-play-out/&sa=U&ved=2ahUKEwiSvb27wKnoAhWC66YKHcbTCtY4HhDF9AEwB3oECAUQAQ&usg=AOvVaw1MvX8SB1x6t_ZuZL35BR3N
05:46:53;20/03/2020;Bitcoin’s hashrate falls amid COVID-19 outbreak;If the present prices continue, most miners will be forced to shut down services. Want to read our Bitcoin price forecast? You can checkout our report here.;https://www.fxstreet.com/cryptocurrencies/news/bitcoins-hashrate-falls-amid-covid-19-outbreak-202003200438&sa=U&ved=2ahUKEwjR3Ye9wKnoAhUl06YKHeSSCEc4MhDF9AEwA3oECAgQAQ&usg=AOvVaw3GXhtTSAdUNt5wQYdxJFPq
05:46:53;20/03/2020;Italian Banca Sella enables Bitcoin trading amid lockdown;Meanwhile, Bitcoin price may have dropped significantly in the last few days, however, amid the rising inflation which has drastically reduced the purchasing...;https://www.cryptopolitan.com/banca-sella-offers-bitcoin-trading/&sa=U&ved=2ahUKEwjMu-a9wKnoAhWHYsAKHSoLDDg4PBDF9AEwCXoECAUQAQ&usg=AOvVaw1fxKDEma1OwLWIHuYHB9xX
05:46:53;20/03/2020;Tether Treasury Prints Another 60M USDT for the Third Time in Just Two Days;At the time of writing, Bitcoin's price continues to hold steady above the $6,000 price point despite panicked global markets. We will have to see if this growth is...;https://beincrypto.com/tether-treasury-prints-another-60m-usdt-for-the-third-time-in-just-two-days/&sa=U&ved=2ahUKEwiu8sy-wKnoAhWN16YKHSBUD8U4RhDF9AEwBXoECAQQAQ&usg=AOvVaw2aeZrslKKqen9ArDRV2ZS-
04:46:53;20/03/2020;Bitcoin Cash price rises across $225: bulls ahead?;On the price chart for the 19th of March, the Bitcoin Cash price line rose across the $235 level while it traded within a day's range of $219.580000...;https://www.cryptopolitan.com/bitcoin-cash-price-rises-across-225/&sa=U&ved=2ahUKEwjLrqG8wKnoAhXBxMQBHbx2Adw4KBDF9AEwBXoECAEQAQ&usg=AOvVaw0BRuy7D-xwuzbNAGk1glIX
03:46:53;20/03/2020;Cryptocurrencies rise $23.8 billion in 24 hours as bitcoin jumps near 16%;The bounce in prices followed two major bouts of violent selling earlier this month. Bitcoin is still trading below where it started 2020.;https://www.cnbc.com/2020/03/20/bitcoin-btc-cryptocurrency-prices-rise-as-stocks-remain-volatile.html&sa=U&ved=2ahUKEwjHp4m4wKnoAhVFcZoKHRREA5IQxfQBMAh6BAgDEAE&usg=AOvVaw1YOiiAkw5mwXUMuQ8-6y4N
03:46:53;20/03/2020;Tether Launches on Bitcoin Cash Network;More than $180 million was minted in recent days, preceding Bitcoin's remarkable price spike in the past 24 hours. USDT will now be available on the Bitcoin...;https://cointelegraph.com/news/tether-launches-on-bitcoin-cash-network&sa=U&ved=2ahUKEwiLvtS6wKnoAhUa6KYKHVjPCt84FBDF9AEwBXoECAUQAQ&usg=AOvVaw0VC2w6AqKkzxxkNUtgXwgf
03:46:53;20/03/2020;'Ownerless' Bitcoin Succumbs to the Coronavirus;That bitcoin's price behavior in the face of the COVID-19 crisis has been dramatically volatile like share prices have potentially addressed one of the outstanding...;https://nationalinterest.org/blog/buzz/%25E2%2580%2598ownerless%25E2%2580%2599-bitcoin-succumbs-coronavirus-135047&sa=U&ved=2ahUKEwjLrqG8wKnoAhXBxMQBHbx2Adw4KBDF9AEwCHoECAYQAQ&usg=AOvVaw1lNbj3X5QJL7a3ThECNKv5
03:46:53;20/03/2020;Bitcoin bucks trend and surges amid coronavirus-driven market chaos;The price of bitcoin bucked market trends and surged Thursday as investors flooded back into cryptocurrency markets. Recovering all of its losses in the last...;https://siliconangle.com/2020/03/19/bitcoin-bucks-trend-surges-amid-coronavirus-pandemic-market-chaos/&sa=U&ved=2ahUKEwjR3Ye9wKnoAhUl06YKHeSSCEc4MhDF9AEwB3oECAQQAQ&usg=AOvVaw3dzLAbopHqqj_yrDj7FHth
03:46:53;20/03/2020;Coinbase Introduces Its New Bitcoin Batching Initiative;As Kyle Samani, managing partner of Multicoin Capital, clarified, when the price dropped, there was an unexpected increase in Bitcoin transactions. Yet, the...;https://www.btcwires.com/c-buzz/coinbase-introduces-its-new-bitcoin-batching-initiative/&sa=U&ved=2ahUKEwjMu-a9wKnoAhWHYsAKHSoLDDg4PBDF9AEwBXoECAYQAQ&usg=AOvVaw1GAxwpm3TSkWUGb34aSvrV
03:46:53;20/03/2020;Digital Assets Derivatives Exchange Huobi Introduces “Partial Liquidation” Feature to Limit Huge Losses During Extreme Crypto Market Price Fluctuations;The Bitcoin price dropped more than 50% between March 12 and March 13, ... When market prices fluctuate wildly, liquidation happens when traders are not...;https://www.crowdfundinsider.com/2020/03/159007-digital-assets-derivatives-exchange-huobi-introduces-partial-liquidation-feature-to-limit-huge-losses-during-extreme-crypto-market-price-fluctuations/&sa=U&ved=2ahUKEwiu8sy-wKnoAhWN16YKHSBUD8U4RhDF9AEwAXoECAkQAQ&usg=AOvVaw3e_96z-PqjixgTM44Q85vA
03:46:53;20/03/2020;El precio de Bitcoin supera los $ 6K, la mayor ganancia diaria desde ...;¡Comparte tus expectativas en la sección de comentarios! Imagen vía Shutterstock, Coinmarketcap Link original: https://bitcoinist.com/bitcoin-price-breaks-6k-...;https://criptopasion.com/el-precio-de-bitcoin-supera-los-6k-la-mayor-ganancia-diaria-desde-octubre/&sa=U&ved=2ahUKEwiqgYTAwKnoAhVBolwKHTLrACw4WhDF9AEwA3oECAkQAQ&usg=AOvVaw19qGk0x5OefgSwUJ7OTMYV
03:46:53;20/03/2020;"Bitcoin Daily: Hawaii Debuts Digital Currency Lab; Ripple Launches ...";"Bitcoin Daily: Hawaii Debuts Digital Currency Lab; Ripple Launches Live X-Border ... The ForexTV Bitcoin editor automatically searches and aggregates stories ... conditions that may substantially affect the price and/or liquidity of a currency.";https://forextv.com/bitcoin-news/bitcoin-daily-hawaii-debuts-digital-currency-lab-ripple-launches-live-x-border-payments-with-thailands-deemoney/&sa=U&ved=2ahUKEwiMoOfAwKnoAhWuw8QBHVp7BRA4ZBDF9AEwBHoECAAQAQ&usg=AOvVaw3k6tnPOm52Y92qz8dAqrsQ
03:46:53;20/03/2020;Tether утвердил выпуск 240 млн USDT. Время покупать или продавать BTC?;Время покупать или продавать BTC? ... новых USDT и ростом цены BTC наблюдалась позитивная корреляция. ... How to predict the price of Bitcoin？;https://gorodfinansov.ru/tether-utverdil-vypusk-240-mln-usdt-vremya-pokupat-ili-prodavat-btc.html&sa=U&ved=2ahUKEwiM5szBwKnoAhV5ycQBHeydA884bhDF9AEwBXoECAUQAQ&usg=AOvVaw1cWYOadp76x4GgBqGoPyow
02:46:53;20/03/2020;Sally Ho's Technical Analysis 20 March 2020 BTC ETH;As traders decoupled from the risks associated with BTC/USD, a series of major Stops were elected below key price levels, and these price areas included the...;https://cryptodaily.co.uk/2020/03/sally-ho-technical-analysis-20-march-2020-btc-eth-bitcoin-ethereum&sa=U&ved=2ahUKEwjMu-a9wKnoAhWHYsAKHSoLDDg4PBDF9AEwBnoECAMQAQ&usg=AOvVaw2X0zz-VPCtKIvF1SzP4YZQ
02:46:53;20/03/2020;Crypto-market infrastructure creaks amid volatility test - Software - Finance;Bitcoin prices collapsed nearly 40 percent on March 12, the biggest one-day ... crypto exchanges generally lack devices to arrest extraordinary price moves.;https://www.itnews.com.au/news/crypto-market-infrastructure-creaks-amid-volatility-test-539592&sa=U&ved=2ahUKEwjMu-a9wKnoAhWHYsAKHSoLDDg4PBDF9AEwCHoECAAQAQ&usg=AOvVaw2dpTp6ZS81uq0yi05ROzYQ
02:46:53;20/03/2020;Crypto-market infrastructure creaks amid volatility test - Software - Finance;Bitcoin prices collapsed nearly 40 percent on March 12, the biggest one-day ... crypto exchanges generally lack devices to arrest extraordinary price moves.;https://www.itnews.com.au/news/crypto-market-infrastructure-creaks-amid-volatility-test-539592&sa=U&ved=2ahUKEwiu8sy-wKnoAhWN16YKHSBUD8U4RhDF9AEwAHoECAIQAQ&usg=AOvVaw3OvmngOt_ZjFwEoYVq5SvB
01:46:53;20/03/2020;Bitcoin’s Magic Is Fading, And That’s A Good Thing;As bitcoin's price appears to be correlating with traditional markets, it's undergoing an identity ... [+] crisis that could kill it, or see it evolve. Getty. Bitcoin is no longer...;https://www.forbes.com/sites/michaeldelcastillo/2020/03/19/bitcoins-magic-is-fading-and-thats-a-good-thing/&sa=U&ved=2ahUKEwi399i5wKnoAhUqlEsFHRYgAYw4ChDF9AEwAnoECAgQAQ&usg=AOvVaw3Z8Mb0XQZZTBCVv1JUcBaN
01:46:53;20/03/2020;Powerful Bitcoin Rally Sees Return of the Bullish Price Prediction;After a truly crushing start to the month, the Bitcoin loading al-bottom-logo BUY NOW price is rallying hard. The almost 20 percent 24-hour gains for the leading...;https://beincrypto.com/powerful-bitcoin-rally-sees-return-of-the-bullish-price-prediction/&sa=U&ved=2ahUKEwi399i5wKnoAhUqlEsFHRYgAYw4ChDF9AEwA3oECAkQAQ&usg=AOvVaw3LGm3unuqMVRGNFdn4eM4t
01:46:53;20/03/2020;Crypto lending firm BlockFi increases interest rates on bitcoins and ...;He also mentioned that on March 12, there were downward price movements in the cryptocurrency market resulting in very limited liquidity, but the team and its...;https://tokenpost.com/Crypto-lending-firm-BlockFi-increases-interest-rates-on-bitcoins-and-ether-5328&sa=U&ved=2ahUKEwiqgYTAwKnoAhVBolwKHTLrACw4WhDF9AEwCXoECAUQAQ&usg=AOvVaw18nS64tBAlg8At2SScAtmZ
01:46:53;20/03/2020;Coronavirus: Kraft Paper Mills Increase Prices, Lockout On Industries – Awe of Corona: Kraft paper mills improve costs, lockout of industries;Coronavirus: Kraft Paper Mills Increase Prices, Lockout On Industries – Awe of ... news industry ladder ever since to reach the post of editor at Our Bitcoin News.;https://ourbitcoinnews.com/coronavirus-kraft-paper-mills-increase-prices-lockout-on-industries-awe-of-corona-kraft-paper-mills-increase-prices-lockout-of-industries/&sa=U&ved=2ahUKEwj-hrfCwKnoAhXtx6YKHfQ2ALg4eBDF9AEwCXoECAIQAQ&usg=AOvVaw0gcJXmc-vwalDNu-40FNuz
00:46:53;20/03/2020;Top Trader: Ethereum Positioned to Rally to 2020 Highs After Breaking Key Resistance;Because ETH is closely tracking Bitcoin's price action at the moment, whether or not it is able to climb higher will likely depend on if BTC is able to surmount the...;https://www.newsbtc.com/2020/03/19/top-trader-ethereum-positioned-to-rally-to-2020-highs-after-breaking-key-resistance/&sa=U&ved=2ahUKEwiLvtS6wKnoAhUa6KYKHVjPCt84FBDF9AEwBnoECAAQAQ&usg=AOvVaw3UcBeHQgiLu8edkt7mSMhp
00:46:53;20/03/2020;Extreme crypto fear is a good buying opportunity?;After the abrupt market crash on 12th March, the Bitcoin price dropped below $4000, while the index dived down to its all-time-low since August 2019. The index...;https://www.cryptopolitan.com/extreme-crypto-fear-good-buying-opportunity/&sa=U&ved=2ahUKEwiu8sy-wKnoAhWN16YKHSBUD8U4RhDF9AEwCHoECAMQAQ&usg=AOvVaw23BrUzK6nGgZny_syCJrWa
00:46:53;20/03/2020;A review of things you need to know before you go home on Friday ...;The bitcoin price is charted in the currency set below, and today it is worth taking a look. This soil moisture chart is animated here. The easiest place to stay up with...;https://www.interest.co.nz/news/104180/review-things-you-need-know-you-go-home-friday-savings-account-interest-vanishing-credit&sa=U&ved=2ahUKEwiOm6W_wKnoAhWEh1wKHU7gCAI4UBDF9AEwCHoECAUQAQ&usg=AOvVaw0SQC-fsbvzjWQ3Updk6L9i
00:46:53;20/03/2020;Scammers Impersonate World Health Organization to Steal BTC ...;Scammers Impersonate World Health Organization to Steal BTC COVID-19 ... online scammers are turning to cryptocurrencies like Bitcoin (BTC) to steal money ... and so prices may not be accurate and may differ from the actual market price,...;https://www.investing.com/news/cryptocurrency-news/scammers-impersonate-world-health-organization-to-steal-btc-covid19-donations-2116137&sa=U&ved=2ahUKEwiqgYTAwKnoAhVBolwKHTLrACw4WhDF9AEwBnoECAMQAQ&usg=AOvVaw1i_Q8U8pCKQwJQA4YpvRw2
00:46:53;20/03/2020;A review of things you need to know before you go home on Friday ...;The bitcoin price is charted in the currency set below, and today it is worth taking a look. This soil moisture chart is animated here. The easiest place to stay up with...;https://www.interest.co.nz/news/104180/review-things-you-need-know-you-go-home-friday-savings-account-interest-vanishing-credit&sa=U&ved=2ahUKEwiMoOfAwKnoAhWuw8QBHVp7BRA4ZBDF9AEwAXoECAkQAQ&usg=AOvVaw2nl2q_z8yrC_wfwWQ_3-25
00:46:53;20/03/2020;해시율 하락에 따라 다음주 비트코인 채굴난이도 13% 하락 전망;베테랑 투자자 톤 베이는 18일 비트코인이 5월이 되기 전까지 2,000 달러로 떨어질 가능성이 있다고 말하기도 했다. #Bitcoin · #Bitcoin Price · #Markets. Banner was...;https://kr.cointelegraph.com/news/bitcoin-difficulty-set-for-13-drop-as-hash-rate-following-btc-price&sa=U&ved=2ahUKEwiM5szBwKnoAhV5ycQBHeydA884bhDF9AEwAXoECAkQAQ&usg=AOvVaw18Q87PHg05mEX7loR2KqCT
00:46:53;20/03/2020;RoyalStox Review - Foray Into the Trading World With...;In CFD trading, you have to predict price movements of your chosen assets in the ... prominent crypto options, such as Bitcoin, Ripple, Ethereum and Litecoin.;https://tokenhell.com/royalstox/&sa=U&ved=2ahUKEwj-hrfCwKnoAhXtx6YKHfQ2ALg4eBDF9AEwBnoECAYQAQ&usg=AOvVaw1PLNan4znmYEZMMIxJg-LG
23:46:53;19/03/2020;Coronavirus Financial Crash Is Bitcoin's Biggest Test, BitMEX Says;Coronavirus Financial Crash Is Bitcoin's Biggest Test, BitMEX Says ... and so prices may not be accurate and may differ from the actual market price, meaning...;https://www.investing.com/news/cryptocurrency-news/coronavirus-financial-crash-is-bitcoins-biggest-test-bitmex-says-2116048&sa=U&ved=2ahUKEwiOm6W_wKnoAhWEh1wKHU7gCAI4UBDF9AEwA3oECAcQAQ&usg=AOvVaw0YXo3Kjuu5n1103AGH0kzI
23:46:53;19/03/2020;Binance Coin(BNB) Momentum above $10.00, bulls are comfortable;"Prices have a keen eye on the crucial resistance level of $12.00, crossing this level will be a big win for bulls overbears,; BNB/BTC pair is also performing...";https://www.thecoinrepublic.com/2020/03/19/binance-coinbnb-momentum-above-10-00-bulls-are-comfortable/&sa=U&ved=2ahUKEwj-hrfCwKnoAhXtx6YKHfQ2ALg4eBDF9AEwAXoECAkQAQ&usg=AOvVaw2_ZyhNORlEObFvSprlKglb
23:46:53;19/03/2020;Basic Attention Token (BAT) Could Recover Significantly If Clears $0.135;The BAT/BTC is performing positively with a profit of 3.86%, bringing the level to 0.00002319. After being a flat line on the chart, BAT prices started rising up and in...;https://www.thecoinrepublic.com/2020/03/19/basic-attention-tokenbat-could-recover-significantly-if-clears-0-135/&sa=U&ved=2ahUKEwj-hrfCwKnoAhXtx6YKHfQ2ALg4eBDF9AEwA3oECAcQAQ&usg=AOvVaw3BCFZQ9l2Ol0YWs-48OhuE
22:46:53;19/03/2020;Bitcoin Cash Price Analysis: Harmonic patterns emerge in BCH/USD;The price of Bitcoin Cash has shot up after most majors bounced on Thursday. This is in stark contrast to the fall over the last month or so. From its peak in...;https://www.fxstreet.com/cryptocurrencies/news/bitcoin-cash-price-analysis-harmonic-patterns-emerge-in-bch-usd-202003192112&sa=U&ved=2ahUKEwjMu-a9wKnoAhWHYsAKHSoLDDg4PBDF9AEwAnoECAcQAQ&usg=AOvVaw2wnIfdlATENvtvLRuloEHG
22:46:53;19/03/2020;If Cryptocurrencies Were Beer…;Bitcoin gets the job done similarly in the crypto world. ... value transfer, and has shown traders and market participants significant price action over the years.;https://cointelegraph.com/news/if-cryptocurrencies-were-beer&sa=U&ved=2ahUKEwiu8sy-wKnoAhWN16YKHSBUD8U4RhDF9AEwAnoECAcQAQ&usg=AOvVaw24dUWehA_AsqJvDYty_83E
22:46:53;19/03/2020;Price Analysis Mar 18: BTC, ETH, XRP, BCH, BSV, LTC, EOS, BNB ...;Price Analysis Mar 18: BTC, ETH, XRP, BCH, BSV, LTC, EOS, BNB, XTZ, LEO. Cryptocurrency9 hours ago (Mar 19, 2020 04:00PM ET).;https://www.investing.com/news/cryptocurrency-news/price-analysis-mar-18-btc-eth-xrp-bch-bsv-ltc-eos-bnb-xtz-leo-2115976&sa=U&ved=2ahUKEwiOm6W_wKnoAhWEh1wKHU7gCAI4UBDF9AEwAnoECAgQAQ&usg=AOvVaw0-6-MalN8a787kOTQJM0MT
22:46:53;19/03/2020;GE Stock Rises As General Electric To Boost Ventilator Output In ...;... to Square Cash app, such as enabling users to buy and sell digital cryptocurrency Bitcoin. ... In June 2016, SQ stock still traded just above its IPO price of 9.;https://www.investors.com/news/ge-stock-rises-general-electric-boosting-ventilator-output/&sa=U&ved=2ahUKEwj-hrfCwKnoAhXtx6YKHfQ2ALg4eBDF9AEwBXoECAMQAQ&usg=AOvVaw30ggO46_b2bB25QXht_JM6
21:46:53;19/03/2020;Traders Finding More Arbitrage Opportunities in Bitcoin - CoinDesk;In fact, prices in the crypto market are seeing such a steep upward trend that ... 20:30 UTC (4:30 p.m. ET) Thursday, according to CoinDesk's Bitcoin Price Index.;https://www.coindesk.com/traders-finding-more-arbitrage-opportunities-in-bitcoin&sa=U&ved=2ahUKEwi399i5wKnoAhUqlEsFHRYgAYw4ChDF9AEwBnoECAEQAQ&usg=AOvVaw0dWgMszCx5T9AfnpWFHKMR
21:46:53;19/03/2020;Bitcoin Rally Leaves Stocks In The Dust;Bitcoin prices surged today, climbing roughly 20% as the major stock indices experienced substantially weaker gains. The world's most prominent digital...;https://www.forbes.com/sites/cbovaird/2020/03/19/bitcoin-rally-leaves-stocks-in-the-dust/&sa=U&ved=2ahUKEwi399i5wKnoAhUqlEsFHRYgAYw4ChDF9AEwCXoECAQQAQ&usg=AOvVaw1pXSXn49j28LTREPhkK0AX
21:46:53;19/03/2020;Long-Term Holders Panic-Sold Some Bitcoin During Last Thursday’s Crash;Bitcoin has currently broken above the $6,000 price point at the time of writing after a tumultuous past few days of trading. Many are optimistic that this could be...;https://beincrypto.com/long-term-holders-panic-sold-some-bitcoin-during-last-thursdays-crash/&sa=U&ved=2ahUKEwjMu-a9wKnoAhWHYsAKHSoLDDg4PBDF9AEwB3oECAEQAQ&usg=AOvVaw24bbpiOLKmmGqUurtcC8Mp
21:46:53;19/03/2020;Tezos Price Analysis: Triangle chart pattern break looks valid;(299.31%). Other than being volatile Tezos was one of the best earners this year and looked like it could have been the new Bitcoin. Unfortunately in the recent fall,...;https://www.fxstreet.com/cryptocurrencies/news/tezos-price-analysis-triangle-chart-pattern-break-looks-valid-202003191957&sa=U&ved=2ahUKEwiMoOfAwKnoAhWuw8QBHVp7BRA4ZBDF9AEwA3oECAcQAQ&usg=AOvVaw34r9tH3bDGdtGrwPRQiSFV
20:46:53;19/03/2020;Coronavirus: Bitcoin price surges 20% amid global market chaos;Other major cryptocurrencies, including ether, XRP and bitcoin cash, also saw significant price rises as investors returned capital into digital assets.;https://www.independent.co.uk/life-style/gadgets-and-tech/news/coronavirus-bitcoin-price-cryptocurrency-market-currency-usd-latest-a9411806.html&sa=U&ved=2ahUKEwjHp4m4wKnoAhVFcZoKHRREA5IQxfQBMAd6BAgFEAE&usg=AOvVaw32KWEZK44bQpjssSnQX9kE
20:46:53;19/03/2020;Dan Tapiero Is 'Mega Bullish' on Bitcoin (BTC) Amidst Financial Turmoil;This could lead to overspending and boost inflation. Must Read. Here's Who Was Responsible for Bitcoin's (BTC) Historic Price Drop - READ MORE. Bitcoin pops.;https://u.today/dan-tapiero-is-mega-bullish-on-bitcoin-btc-amidst-financial-turmoil&sa=U&ved=2ahUKEwiLvtS6wKnoAhUa6KYKHVjPCt84FBDF9AEwB3oECAEQAQ&usg=AOvVaw1Vo2bK96G0Hp2gnX1MiIs8
20:46:53;19/03/2020;Here's Why Grayscale Bitcoin Trust Is Rising Today;Shares of the trust, which essentially holds a stockpile of bitcoin that back its share price, were nearly 15% higher on the day. Gold coin with bitcoin symbol. Image...;https://www.fool.com/investing/2020/03/19/heres-why-grayscale-bitcoin-trust-is-rising-today.aspx&sa=U&ved=2ahUKEwiLvtS6wKnoAhUa6KYKHVjPCt84FBDF9AEwCHoECAIQAQ&usg=AOvVaw1-El3I4TEJm4OGh-VyrYAR
20:46:53;19/03/2020;Record Bitcoin Price Volatility Failed to Unnerve HODLers;A week ago, the implicit daily volatility settled at 3.5 percent and moving ahead the gauge fell to a 12-month reduced to 3.2 percent on Feb 23, when bitcoin was...;https://www.btcwires.com/round-the-block/record-bitcoin-price-volatility-failed-to-unnerve-hodlers/&sa=U&ved=2ahUKEwjLrqG8wKnoAhXBxMQBHbx2Adw4KBDF9AEwAXoECAcQAQ&usg=AOvVaw383l2uKOBaW5_MoiPC1Q0f
20:46:53;19/03/2020;"OKEx Launches New C2C Loan Feature; Use BTC As Collateral To Get USDT for Trading";If this isn't done, the platform closes the position as soon as the price gets to the closing line. Borrowers will be in the position of losing their BTC, while lenders...;https://bitcoinexchangeguide.com/okex-launches-new-c2c-loan-feature-use-btc-as-collateral-to-get-usdt-for-trading/&sa=U&ved=2ahUKEwiM5szBwKnoAhV5ycQBHeydA884bhDF9AEwAHoECAEQAQ&usg=AOvVaw1H_gOm0OonXnIlK_GUfpgy
19:46:53;19/03/2020;Mining-Schwierigkeit von Bitcoin wird erstmals wieder stark reduziert;Der Schwierigkeitsgrad für das Mining von Bitcoin wird erstmals seit Dezember 2019 reduziert und dabei um 13 % abgesenkt. 675 Gesamte Aufrufe. 2 Gesamte...;https://de.cointelegraph.com/news/bitcoin-difficulty-set-for-13-drop-as-hash-rate-following-btc-price&sa=U&ved=2ahUKEwi399i5wKnoAhUqlEsFHRYgAYw4ChDF9AEwBXoECAYQAQ&usg=AOvVaw2PDj6G_5G3LlPmpZse4s-B
19:46:53;19/03/2020;Bitcoin's Price Stabilizes Market Wipeout;Bitcoin's Price Stabilizes Market Wipeout. By Rajat Gaur. On Saturday overnight, Bitcoinâ€™s price stabilized with marking an uneasy plateau of $5,400...;https://www.btcwires.com/round-the-block/bitcoins-price-stabilizes-market-wipeout/&sa=U&ved=2ahUKEwiSvb27wKnoAhWC66YKHcbTCtY4HhDF9AEwAHoECAMQAQ&usg=AOvVaw3TW7ILShZiXELumms-7Wuq
19:46:53;19/03/2020;Coronavirus is forcing fans of Bitcoin to realize it’s not a “safe haven” after all;All hell seems to be breaking loose in the financial markets in light of the coronavirus pandemic. But if you've spent any time talking with a Bitcoin enthusiast,...;https://www.technologyreview.com/s/615385/coronavirus-is-forcing-fans-of-bitcoin-to-realize-its-not-a-safe-haven-after-all/&sa=U&ved=2ahUKEwjLrqG8wKnoAhXBxMQBHbx2Adw4KBDF9AEwB3oECAAQAQ&usg=AOvVaw02GrGh2cykazskdc-uNEmR
19:46:53;19/03/2020;2 Altcoins Are Pumping (Despite the Bearish Crypto Market);Last week's decrease in the Bitcoin price was even more unforgiving for ... BTC. However, over the past two days, the price of two altcoins — STEEM and DASH...;https://beincrypto.com/2-altcoins-are-pumping-despite-the-bearish-crypto-market/&sa=U&ved=2ahUKEwiOm6W_wKnoAhWEh1wKHU7gCAI4UBDF9AEwBXoECAAQAQ&usg=AOvVaw1OdZGedhNouMTdTH2vFv_a
19:46:53;19/03/2020;Bitcoin Dips Below 6,090.3 Level, Down 15% By;At its current price, Bitcoin is still down 69.35% from its all-time high of $19,870.62 set on December 17, 2017. Elsewhere in cryptocurrency trading. Ethereum was...;https://www.investing.com/news/cryptocurrency-news/bitcoin-dips-below-60903-level-down-15-2115772&sa=U&ved=2ahUKEwiOm6W_wKnoAhWEh1wKHU7gCAI4UBDF9AEwCXoECAMQAQ&usg=AOvVaw3Dve35YBPAsVlEm33FMLZE
19:46:53;19/03/2020;Ripple Price Analysis: Ripple needs to break the 0.1660 level;Ripple Price Analysis: Ripple needs to break the 0.1660 level ... On the hourly timeframe, another positive not is the fact the price has been making higher lows. If there is a ... The bullish action was in tandem with Bitcoin's surge above $6,000.;https://www.fxstreet.com/cryptocurrencies/news/ripple-price-analysis-ripple-needs-to-break-the-01660-level-202003191807&sa=U&ved=2ahUKEwiqgYTAwKnoAhVBolwKHTLrACw4WhDF9AEwBXoECAEQAQ&usg=AOvVaw33TbdWyhI3J_PhcDuRJ05L
19:46:53;19/03/2020;Inflation Hedges Are Looking Increasingly More Interesting;Bitcoin, Gold, Silver, precious metals, real estate, even most stocks, just about ... online and IRL and could not find it anywhere, especially not at that price.;https://www.bitcoinmarketjournal.com/inflation-hedges-are-looking-increasingly-more-interesting/&sa=U&ved=2ahUKEwiMoOfAwKnoAhWuw8QBHVp7BRA4ZBDF9AEwBnoECAUQAQ&usg=AOvVaw1SudhNTjmq0BQdXCLSTtt6
19:46:53;19/03/2020;LTC/USD: Are Conditions Present For A Price Action Recovery?;Bitcoin and Ethereum carry the most significant downside risk. The LTC/USD has a host of positive fundamental developments favored to ignite a price action...;https://menafn.com/1099882183/LTCUSD-Are-Conditions-Present-For-A-Price-Action-Recovery&sa=U&ved=2ahUKEwiM5szBwKnoAhV5ycQBHeydA884bhDF9AEwA3oECAcQAQ&usg=AOvVaw1KIfk-NI7gCUjX1XwlmmBg
19:46:53;19/03/2020;Taal Distributed Information Technologies : Appoints New CEO and Announces Changes to Management;Though recent events have caused a significant drop in the price of bitcoin, TAAL continues to work with external service providers to execute on this upgrade...;https://www.marketscreener.com/TAAL-DISTRIBUTED-INFORMAT-33624649/news/Taal-Distributed-Information-Technologies-Appoints-New-CEO-and-Announces-Changes-to-Management-30191419/&sa=U&ved=2ahUKEwiM5szBwKnoAhV5ycQBHeydA884bhDF9AEwBHoECAMQAQ&usg=AOvVaw15gS6n1a1yBUfK4_wy-jfT
19:46:53;19/03/2020;Bitcoin rises 15% on day as international market continues to fall with coronavirus crisis;Bitcoin detached itself from the widespread international crisis and shot up 15% on Thursday (19). At 1:25 pm, the BTC price registered $ 6,350. In Brazil...;https://ourbitcoinnews.com/bitcoin-rises-15-on-day-as-international-market-continues-to-fall-with-coronavirus-crisis/&sa=U&ved=2ahUKEwj-hrfCwKnoAhXtx6YKHfQ2ALg4eBDF9AEwB3oECAEQAQ&usg=AOvVaw1PMUV1IHUDdqR0BrScw905
18:46:53;19/03/2020;Bitcoin price breaks above $6000 as global equities gyrate under ...;"Source: TradingView; Bitcoin prices in orange, S&P 500 in blue. ""Begining on March 12th, the price of bitcoin was linked to the U.S. stock market. However, at 3...";https://www.theblockcrypto.com/linked/59284/bitcoin-price-6000-global-equities-coronavirus&sa=U&ved=2ahUKEwjHp4m4wKnoAhVFcZoKHRREA5IQxfQBMAZ6BAgEEAE&usg=AOvVaw2AEIK7dlUqgxnG-Om_jiS3
18:46:53;19/03/2020;XRP Price on Final Support Before $0.06? Key Level Holding for Now;Recently, cryptocurrencies and Bitcoin (BTC) have seen a significant drop. Bitcoin was not the only crypto to see a steep fall as other markets have seen one as...;https://cointelegraph.com/news/xrp-price-on-final-support-before-006-key-level-holding-for-now&sa=U&ved=2ahUKEwiLvtS6wKnoAhUa6KYKHVjPCt84FBDF9AEwAHoECAMQAQ&usg=AOvVaw1m0EbsVpkk67p1ARHxuC2H
18:46:53;19/03/2020;Bitcoin price rises above $ 6,000;Bitcoin returned to ranges above $ 6,000 per week after falling to round $ 5,000. Knowledge: CoinGecko. On the finish of final week, the price of bitcoin fell in...;https://sunriseread.com/bitcoin-price-rises-above-6000/67976/&sa=U&ved=2ahUKEwjLrqG8wKnoAhXBxMQBHbx2Adw4KBDF9AEwA3oECAkQAQ&usg=AOvVaw0kT6z0Gdzzhqa6-sjlU81s
18:46:53;19/03/2020;The Best and Worse that Could Happen to Ethereum, XRP, and ...;This bearish formation suggests that LTC could see its price depreciate by 90% ... of 5 (extreme fear), which was followed by a 17% upswing in Bitcoin's price.;https://cryptobriefing.com/best-worse-that-could-happen-ethereum-xrp-litecoin/&sa=U&ved=2ahUKEwjR3Ye9wKnoAhUl06YKHeSSCEc4MhDF9AEwAHoECAIQAQ&usg=AOvVaw2dQT3GyFeM-LfMd-r-txZs
18:46:53;19/03/2020;Binance Will Bring Tezos to U.S. Crypto Enthusiasts;So, instead of trying to bank the unbanked, let's try and bitcoin the un-bitcoined. Zhao isn't stopping here. Taking notice of the recent bitcoin price crashes that...;https://www.livebitcoinnews.com/binance-will-bring-tezos-to-u-s-traders/&sa=U&ved=2ahUKEwjMu-a9wKnoAhWHYsAKHSoLDDg4PBDF9AEwA3oECAgQAQ&usg=AOvVaw12qVpy3KbTWTog2uZPw6ax
18:46:53;19/03/2020;Would Bitcoin adaption reach fiat levels?;The purpose of the debate is to figure out no the exact dates Bitcoin adaption ... this development implied that Bitcoin might endorse more price flux in the future.;https://www.cryptopolitan.com/would-bitcoin-adaption-reach-fiat-levels/&sa=U&ved=2ahUKEwiOm6W_wKnoAhWEh1wKHU7gCAI4UBDF9AEwAXoECAkQAQ&usg=AOvVaw3RBBM8hdOpRZlYFR5IpKJH
18:46:53;19/03/2020;Crypto Fear & Greed Index Flashes ‘Extreme Fear,’ Potential Buying Opportunity;Following Mar. 12's sudden market crash, during which the price of bitcoin dipped below $4000, the index dropped further to its lowest point since August 2019.;https://www.cryptoglobe.com/latest/2020/03/crypto-fear-greed-index-flashes-extreme-fear-potential-buying-opportunity/&sa=U&ved=2ahUKEwiMoOfAwKnoAhWuw8QBHVp7BRA4ZBDF9AEwAnoECAgQAQ&usg=AOvVaw1JUODk7L4NLyfOrgaayjmJ
18:46:53;19/03/2020;Even as Central Banks Debase Under Coronavirus Weight, Bitcoin ...;... announcing stimulus packages, Bitcoin remains as it this: unflinching and reliable as ever. However, analysts argue that price recovery will likely be short-lived...;https://cryptonewspipe.com/even-as-central-banks-debase-under-coronavirus-weight-bitcoin-recovery-may-be-brief/&sa=U&ved=2ahUKEwiMoOfAwKnoAhWuw8QBHVp7BRA4ZBDF9AEwCHoECAQQAQ&usg=AOvVaw2T61S59LAC3cCnpHUYiR3g
18:46:53;19/03/2020;Thousands of These Computers Were Mining Cryptocurrency. Now They're Working on Coronavirus Research - CoinDesk;Folding@home is a decentralized project in the same vein as Bitcoin. Instead of one research firm alone using a massive computer to do research,...;https://www.coindesk.com/thousands-of-these-computers-were-mining-cryptocurrency-now-theyre-working-on-coronavirus-research&sa=U&ved=2ahUKEwiMoOfAwKnoAhWuw8QBHVp7BRA4ZBDF9AEwCXoECAEQAQ&usg=AOvVaw3w2a5yZFbcfCqUC6FNNVFM
18:46:53;19/03/2020;Israeli Bitcoiners See Surveillance as Unavoidable During Coronavirus Crisis - CoinDesk;“They will do it again for other things,” Ben Simon said of the emergency coronavirus measures. The Israeli bitcoin (BTC) community's reaction to this news is as...;https://www.coindesk.com/israeli-bitcoiners-see-surveillance-as-unavoidable-during-coronavirus-crisis&sa=U&ved=2ahUKEwiM5szBwKnoAhV5ycQBHeydA884bhDF9AEwB3oECAQQAQ&usg=AOvVaw1YfHWzwPKBZXYwUJplsMK9
18:46:53;19/03/2020;US Charges Dutch National With Running Crypto-Funded Child Porn Site;Bitcoin (BTC) and ether (ETH) funded nearly all of the operation, in step with the ... Prosecutors are searching for to price the individual on 9 counts and seize the...;https://www.thebulletintime.com/news/us-charges-dutch-national-with-running-crypto-funded-child-porn-site/&sa=U&ved=2ahUKEwiM5szBwKnoAhV5ycQBHeydA884bhDF9AEwCXoECAIQAQ&usg=AOvVaw0h7KapUwLZoZ6ybUKbyLNw
