Keyword: ;Boeing Stock
""
Stimmung: ;-0.03149038461538461;Negativ
Subjektivität: ;0.009615384615384616;Faktenbasiert
17:36:15;20/03/2020;How to Stop Companies That Made Stock Buybacks From Getting Bailouts;When Boeing and the airlines get their bailouts, the government will have effectively subsidized these companies repurchasing shares. Executives, who typically...;https://www.thestreet.com/opinion/how-stop-companies-that-made-buybacks-from-getting-bailouts&sa=U&ved=2ahUKEwiY3-aqwKnoAhVCnVwKHd8eA-U4HhDF9AEwA3oECAgQAQ&usg=AOvVaw2IXLFabSbr6H6kPRSh9fOc
17:28:15;20/03/2020;Live updates: Markets continue in flux at end of volatile week as investors look for signs of hope;On Wall Street Friday, stocks were in flux at the end of a historically volatile week ... Boeing's request for a federal stimulus package amid the widening economic...;https://www.washingtonpost.com/business/2020/03/20/markets-economy-live-updates-coronavirus/&sa=U&ved=2ahUKEwi2hpepwKnoAhWPgVwKHc1TAPo4ChDF9AEwB3oECAQQAQ&usg=AOvVaw0UGzaw24S-RkS23Zf5_SBB
16:46:15;20/03/2020;Boeing Stock Falls As Dividend Cut, Layoffs Mulled While Congress Wary Of Bailout;Boeing Stock Up. Shares climbed 1.4% to 99.33 on the stock market today. Boeing stock has lost all the gains it's earned since President Donald Trump won the...;https://www.investors.com/news/boeing-stock-falls-layoffs-dividend-cut-mulled-amid-congress-wary-bailout/&sa=U&ved=2ahUKEwjP7LiowKnoAhUIiFwKHVVjBDgQxfQBMAZ6BAgAEAE&usg=AOvVaw1zAwG8WDbmv2_PgIkUGtzz
16:46:15;20/03/2020;Boeing's Nosedive: From Leading The Dow To Asking For A Bailout (Video);Members of Stock Waves get exclusive ideas and guidance to navigate any ... It is time to go full flaps and put the gear down if Boeing (NYSE:BA) is going to...;https://seekingalpha.com/article/4333227-boeings-nosedive-from-leading-dow-to-asking-for-bailout-video&sa=U&ved=2ahUKEwjP7LiowKnoAhUIiFwKHVVjBDgQxfQBMAl6BAgBEAE&usg=AOvVaw0j5lBXE7qzuhHYsYw6rcwk
16:46:15;20/03/2020;Coronavirus Vaccine: Why A Pfizer Drug Benefits From Covid-19;Boeing stock is a Dow Jones component, but no longer the biggest weight in the price-weighted index. S&P 500 futures sank 2.1%. Nasdaq 100 futures fell 1.4%...;https://www.investors.com/news/technology/coronavirus-vaccine-why-pfizer-drug-benefits-covid-19/&sa=U&ved=2ahUKEwjOgNGrwKnoAhWPEMAKHVd1DI44KBDF9AEwAnoECAgQAQ&usg=AOvVaw0peMA7i6gOtDSjEPv_S8mV
16:46:15;20/03/2020;Trump’s Coronavirus News Conference on Thursday: 3 Key Things That Investors Should Know;My colleague Billy Duberstein argues that cruise line stocks could be in for rough ... across the U.S. Airlines, aircraft manufacturing behemoth Boeing (NYSE:BA),...;https://www.fool.com/investing/2020/03/20/trumps-coronavirus-news-conference-on-thursday-x-t.aspx&sa=U&ved=2ahUKEwiImbOswKnoAhUUQ8AKHV9cBpE4MhDF9AEwBHoECAAQAQ&usg=AOvVaw0iSRutngq04ItT6VWWYWQc
15:46:15;20/03/2020;The Boeing Bailout;Company returned $60B to shareholders while taking share prices anywhere but down. Looking for a helping hand in the market? Members of The Aerospace...;https://seekingalpha.com/article/4333201-boeing-bailout&sa=U&ved=2ahUKEwjP7LiowKnoAhUIiFwKHVVjBDgQxfQBMAF6BAgIEAE&usg=AOvVaw3Y_6ZjckLh44brFJzMkfKF
15:46:15;20/03/2020;An In-Depth Look At:: The Boeing Company, (NYSE: BA);Essential in Stocks: Earnings-per-Share (EPS) is the portion of a The Boeing Company profit that is asignto each outstanding share of its common stock. It...;https://newssmooth.com/2020/03/20/an-in-depth-look-at-the-boeing-company-nyse-ba/&sa=U&ved=2ahUKEwjOgNGrwKnoAhWPEMAKHVd1DI44KBDF9AEwBnoECAAQAQ&usg=AOvVaw2u20g_vHazOnL_dBIq-tJC
15:46:15;20/03/2020;Intraday NEWS Mover:: The Boeing Company, (NYSE: BA);On 19-03-2020 (Thursday), BA stock construct a change of -4.1 in a total of its share price and finished its trading at 97.71. Profitability Ratios (ROE, ROA, ROI):.;https://nasdaqnewsfeed.com/2020/03/20/intraday-news-mover-the-boeing-company-nyse-ba/&sa=U&ved=2ahUKEwjOgNGrwKnoAhWPEMAKHVd1DI44KBDF9AEwB3oECAYQAQ&usg=AOvVaw2USY2zSS3kaX8OHH9rwcNV
15:46:15;20/03/2020;This Time It Is 'Too Many To Fail' Rather Than 'Too Big To Fail';The stock lost over 3/4 of its value already and because of very poor decision-making, Boeing is now facing a liquidity crisis. Boeing has spent $43.4B on share...;https://seekingalpha.com/article/4333214-this-time-is-too-many-to-fail-rather-too-big-to-fail&sa=U&ved=2ahUKEwiImbOswKnoAhUUQ8AKHV9cBpE4MhDF9AEwAHoECAYQAQ&usg=AOvVaw0wKuc81CrfkIfdlav-lQ2w
15:46:15;20/03/2020;United Kingdom Finalizing Airline Bailout Plan;... some caveats, such as the Treasury receiving stock options, stock or warrants. ... BA this week send three Boeing 777s to Havana to repatriate stranded...;https://simpleflying.com/uk-airline-bailout-plan/&sa=U&ved=2ahUKEwjKu5StwKnoAhUXQkEAHSMpDIU4PBDF9AEwA3oECAYQAQ&usg=AOvVaw3xnZtXyeb4QFn51doNJQx4
15:46:15;20/03/2020;Senate's bill would give airlines $58B in loans;Former U.N. Ambassador Nikki Haley quit Boeing's board over the company's ... labor and consumers, carbon emissions reductions, a ban on stock buybacks,...;https://www.politico.com/newsletters/morning-transportation/2020/03/20/senates-bill-would-give-airlines-58b-in-loans-786253&sa=U&ved=2ahUKEwj-tLavwKnoAhVvQkEAHWdzAs44WhDF9AEwAHoECAIQAQ&usg=AOvVaw2WXD2-mKd9ENHNzgWlQABn
15:46:15;20/03/2020;Senate campaigns' response to the coronavirus;and her husband sold seven-figures worth of stocks after she received a ... “Nikki Haley resigns from Boeing's board over bailout pursuit” — from POLITICO.;https://www.politico.com/newsletters/morning-score/2020/03/20/senate-campaigns-response-to-the-coronavirus-786263&sa=U&ved=2ahUKEwj-tLavwKnoAhVvQkEAHWdzAs44WhDF9AEwBHoECAQQAQ&usg=AOvVaw2hZ00X5w046XmQ2KW5KEYs
14:46:15;20/03/2020;With Coronavirus Fears and Bailout Rumors Looming, Should You Buy or Sell Boeing Stock Right Now?;Boeing Stock Performance, data by YCharts. Yet as far as Boeing stock has fallen, investors should still avoid the shares. The government is likely to provide loans...;https://www.fool.com/investing/2020/03/20/coronavirus-fears-bailout-buy-sell-boeing-stock.aspx&sa=U&ved=2ahUKEwjP7LiowKnoAhUIiFwKHVVjBDgQxfQBMAB6BAgDEAE&usg=AOvVaw20yaXvKUzvXETEq7qDyYm5
14:46:15;20/03/2020;"Dow Jones Futures Signal Stock Market Rally Amid Coronavirus Stimulus Hopes; Tesla, Boeing, AMD, Nvidia, Amazon Rise";Boeing stock is a Dow Jones component, but no longer the biggest weight in the price-weighted index. S&P 500 futures were up 2.2% and Nasdaq 100 futures...;https://www.investors.com/market-trend/stock-market-today/dow-jones-futures-coronavirus-stock-market-rally-tesla-fremont-plant-boeing-amid-amazon/&sa=U&ved=2ahUKEwjP7LiowKnoAhUIiFwKHVVjBDgQxfQBMAV6BAgGEAE&usg=AOvVaw321TMQlFIsF5dSuoflXEIu
14:46:15;20/03/2020;Stocks Rise for a Second Day as Stimulus Measures Lift Sentiment;Boeing (BA) - Get Report was rising Friday after Republican lawmakers unveiled their stimulus plan for companies struggling during the pandemic. The Senate...;https://www.thestreet.com/markets/stock-market-today-dow-jones-coronavirus-032020&sa=U&ved=2ahUKEwjKu5StwKnoAhUXQkEAHSMpDIU4PBDF9AEwAnoECAgQAQ&usg=AOvVaw3hmVaa8UZUjotRQ-jSijva
14:46:15;20/03/2020;BUZZ-U.S. STOCKS ON THE MOVE-Halliburton, Carnival, Delta, Uber;O>, down 21.6% ** Boeing Co BA.N: up 0.9% premarket BUZZ-Rises on considering production pause due to coronavirus ** Genmark Diagnostics Inc GNMK.;https://www.nasdaq.com/articles/buzz-u.s.-stocks-on-the-move-halliburton-carnival-delta-uber-2020-03-20&sa=U&ved=2ahUKEwjx2_atwKnoAhUGTcAKHbqRAYY4RhDF9AEwAnoECAkQAQ&usg=AOvVaw2muRG3h5VxIgBn_0OiH9im
14:46:15;20/03/2020;The German government will support a major German company by purchasing their stock;the German Government is considering buying shares of large German ... in full and the possibility of using the civilian Boeing 747 for the transport of goods.;http://www.kxan36news.com/the-german-government-will-support-a-major-german-company-by-purchasing-their-stock&sa=U&ved=2ahUKEwjmptWuwKnoAhURYcAKHY3bC604UBDF9AEwBXoECAYQAQ&usg=AOvVaw0zI313iwJENnofPPlpV64S
14:46:15;20/03/2020;Analysis | The Daily 202: Simulations before coronavirus ...;also dumped millions in stock after being briefed on the virus. In fact, she ... Meanwhile, with her eyes possibly on 2024, Nikki Haley quit the Boeing board.;https://www.washingtonpost.com/news/powerpost/paloma/daily-202/2020/03/20/daily-202-simulations-before-coronavirus-foreshadowed-infighting-between-agencies-in-pandemic-response/5e74366d88e0fa101a74e132/&sa=U&ved=2ahUKEwj-tLavwKnoAhVvQkEAHWdzAs44WhDF9AEwA3oECAkQAQ&usg=AOvVaw01U4HK_SvMhy8igyPpZ5GP
13:46:15;20/03/2020;Boeing may suspend production as virus spreads;BA +3.9% premarket to $101.50/share. Click to subscribe to real-time analytics on BA. Now read: See all stocks on the move ».;https://seekingalpha.com/news/3553698-boeing-may-suspend-production-virus-spreads&sa=U&ved=2ahUKEwi2hpepwKnoAhWPgVwKHc1TAPo4ChDF9AEwAXoECAgQAQ&usg=AOvVaw2Ify0IOaSm49qW7_IwQtBz
13:46:15;20/03/2020;Stocks making the biggest moves in the premarket: Tiffany, Nike, Tesla, Crowdstrike, Apple & more;Boeing (BA) – Boeing is strongly considering a temporary suspension of production at its twin-aisle jet factories, according to people familiar with the matter who...;https://www.cnbc.com/2020/03/20/stocks-making-the-biggest-moves-in-the-premarket-tiffany-nike-tesla-crowdstrike-apple-more.html&sa=U&ved=2ahUKEwi2hpepwKnoAhWPgVwKHc1TAPo4ChDF9AEwBnoECAIQAQ&usg=AOvVaw0S9kC3Kg2FT1G5RTx0RHSn
13:46:15;20/03/2020;Kirkland Lake Gold, Carrols Restaurant and Boeing highlighted as Zacks Bull and Bear of the Day;On Mar 18, while the US stock markets were melting down in a panic sell-off, Kirkland announced it had bought 10.1 million shares of its 20 million share buyback...;https://www.nasdaq.com/articles/kirkland-lake-gold-carrols-restaurant-and-boeing-highlighted-as-zacks-bull-and-bear-of-the&sa=U&ved=2ahUKEwi2hpepwKnoAhWPgVwKHc1TAPo4ChDF9AEwCHoECAAQAQ&usg=AOvVaw3FI08jT0NQ7WlpuFuKLmUT
13:46:15;20/03/2020;What to watch today: Dow looks for first back-to-back gains in six weeks;STOCKS TO WATCH. Boeing (BA) is strongly considering a temporary suspension of production at its twin-aisle jet factories, according to people familiar with the...;https://www.cnbc.com/2020/03/20/what-to-watch-dow-looks-for-first-back-to-back-gains-in-six-weeks.html&sa=U&ved=2ahUKEwi2hpepwKnoAhWPgVwKHc1TAPo4ChDF9AEwCXoECAMQAQ&usg=AOvVaw0zyJAMCADcmLdlUX31trKi
13:46:15;20/03/2020;BUZZ-U.S. STOCKS ON THE MOVE-Boeing, Mylan, Genmark, Uber, cruises;BUZZ-U.S. STOCKS ON THE MOVE-Boeing, Mylan, Genmark, Uber, cruises. Publisher. Reuters. Published. Mar 20, 2020 8:27AM EDT.;https://www.nasdaq.com/articles/buzz-u.s.-stocks-on-the-move-boeing-mylan-genmark-uber-cruises-2020-03-20&sa=U&ved=2ahUKEwjIjfqpwKnoAhUREcAKHXcnDk44FBDF9AEwA3oECAgQAQ&usg=AOvVaw1vFkhJLo76DurzciDX2HI4
13:46:15;20/03/2020;Mark Cuban on Stock Buybacks: “Not Now, Not a Year From Now”;... given that Boeing's free cash flow “for 10 years totaled $58.37 billion, while the company spent $43.44 billion, or 74% of free cash flow, on stock repurchases,”...;https://www.etftrends.com/core-equity-channel/mark-cuban-on-stock-buybacks-not-now-not-a-year-from-now/&sa=U&ved=2ahUKEwiImbOswKnoAhUUQ8AKHV9cBpE4MhDF9AEwBXoECAMQAQ&usg=AOvVaw079sE0E1-Ucaf_E-hWXDxX
13:46:15;20/03/2020;Are You Invested In These 3 Mutual Fund Misfires? - March 20, 2020;In addition, Zacks Equity Research provides analysis on Boeing BA. Here is a synopsis of all three stocks: Bull of the Day: Kirkland Lake Gold Ltd is doing the...;https://www.nasdaq.com/articles/are-you-invested-in-these-3-mutual-fund-misfires-march-20-2020-2020-03-20&sa=U&ved=2ahUKEwjmptWuwKnoAhURYcAKHY3bC604UBDF9AEwAnoECAgQAQ&usg=AOvVaw39dOP_K7Rbic7OSCFjmRI1
13:46:15;20/03/2020;UAV Subsystem Market Growth Scenario: Expect A Substantial Beat | Aerovironment, Boeing, Elbit Systems, Lockheed Martin;... Market Growth Scenario: Expect A Substantial Beat | Aerovironment, Boeing, ... to share detailed information about the key factors influencing the growth of the...;https://stockmarketherald.com/2020/03/20/uav-subsystem-market-growth-scenario-expect-a-substantial-beat-aerovironment-boeing-elbit-systems-lockheed-martin/&sa=U&ved=2ahUKEwjmptWuwKnoAhURYcAKHY3bC604UBDF9AEwBnoECAMQAQ&usg=AOvVaw3pBMbgDxNIl-etxFDj-8X0
13:46:15;20/03/2020;What if $1T is not nearly enough?;Here's ProPublica's piece on the stock sales and NPR has a secret recording of ... that while there is 'no better team I could think of being a part of' than Boeing,...;https://www.politico.com/newsletters/morning-money/2020/03/20/what-if-1t-is-not-nearly-enough-786257&sa=U&ved=2ahUKEwj-tLavwKnoAhVvQkEAHWdzAs44WhDF9AEwB3oECAAQAQ&usg=AOvVaw3QZh3jlOiaM2NGxeXOMF2h
13:46:15;20/03/2020;The coronavirus crash: will 'whatever it takes' finally work?;"Stocks also gained, the FTSE100 closing up 1.4% and the Dow up about the ... ""This is the wake-up call,"" one banker told Euromoney on Tuesday, as Boeing...";https://www.euromoney.com/article/b1kv1ckn230cxt/the-coronavirus-crash-will-39whatever-it-takes39-finally-work&sa=U&ved=2ahUKEwi3_JuwwKnoAhUUhlwKHbIRDzs4ZBDF9AEwAHoECAEQAQ&usg=AOvVaw3VsQoyZRdcdlPJbogaqVxq
12:46:15;20/03/2020;When the All-Clear Sounds, LUV Stock Should Be Your First Buy;Since the start of the year LUV stock is down by 35%. It opens for trade March 20 at a ... The airline is still tied to the Boeing (NYSE:BA) 737. It flies no other jet.;https://investorplace.com/2020/03/all-clear-buy-luv-stock-first/&sa=U&ved=2ahUKEwi2hpepwKnoAhWPgVwKHc1TAPo4ChDF9AEwAnoECAcQAQ&usg=AOvVaw0T1FHVyKogAD0xvz3av7ag
12:46:15;20/03/2020;Stocks that are not receiving major attention: The Boeing Company (BA), Transocean Ltd. (RIG);The Boeing Company (NYSE: BA) shares are -70.01% down in the year-to-date (YTD) period and have moved -4.10% or -$4.18 lower in the latest trading...;https://newsrts.com/2020/03/20/stocks-that-are-not-receiving-major-attention-the-boeing-company-ba-transocean-ltd-rig/&sa=U&ved=2ahUKEwjIjfqpwKnoAhUREcAKHXcnDk44FBDF9AEwAHoECAEQAQ&usg=AOvVaw29Y-pekEXBlJ6ME7aBylFM
12:46:15;20/03/2020;Boeing Stock Rises 6%;Investing.com - Boeing (NYSE:BA) Stock rose by 5.57% to trade at $103.30 by 11:11 (15:11 GMT) on Friday on the NYSE exchange. The volume of Boeing...;https://finance.yahoo.com/news/boeing-stock-rises-6-111300553.html&sa=U&ved=2ahUKEwjIjfqpwKnoAhUREcAKHXcnDk44FBDF9AEwBnoECAMQAQ&usg=AOvVaw2pJcD0pFc4B9YzNfal9YCc
12:46:15;20/03/2020;Better Buy: General Electric vs. Coca-Cola;Both stocks have been beaten up in the market falls, but one has more risk ... parts demand, at a time when the Boeing 737 MAX still hasn't returned to service.;https://www.fool.com/investing/2020/03/20/better-buy-general-electric-vs-coca-cola.aspx&sa=U&ved=2ahUKEwiImbOswKnoAhUUQ8AKHV9cBpE4MhDF9AEwBnoECAEQAQ&usg=AOvVaw2SsxjObd65EFwZ7t_F3W24
12:46:15;20/03/2020;Boeing weighs deep cuts with $60 billion bailout bid pending;“It's hard to tell where the stock may bottom.” Boeing directors are likely to suspend the dividend at an April 30 board meeting, von Rumohr said in a report...;https://ajot.com/news/boeing-weighs-deep-cuts-with-60-billion-bailout-bid-pending&sa=U&ved=2ahUKEwjKu5StwKnoAhUXQkEAHSMpDIU4PBDF9AEwAXoECAkQAQ&usg=AOvVaw0SDlZx0Qf_5eQAsjkn87EA
12:46:15;20/03/2020;"ESG in the coronavirus chaos; ‘world on fire’; where’s the BRT?";... to pass the savings on to their employees instead of funding executive bonuses or stock buybacks. ... At the time of writing, Boeing's David Calhoun had not.;https://www.ft.com/content/ecb030cf-87b2-400f-9557-6865be1bb807&sa=U&ved=2ahUKEwj-tLavwKnoAhVvQkEAHWdzAs44WhDF9AEwCXoECAUQAQ&usg=AOvVaw14rQZz7ho6iBqp09raU44g
12:46:15;20/03/2020;Boeing (NYSE:BA) PT Lowered to $183.00;Cfra downgraded shares of Boeing to a “hold” rating and set a $350.00 target price on the stock. in a research note on Wednesday, January 22nd. Cowen reissued...;https://redmondregister.com/2020/03/20/boeing-nyseba-pt-lowered-to-183-00.html&sa=U&ved=2ahUKEwi3_JuwwKnoAhUUhlwKHbIRDzs4ZBDF9AEwA3oECAAQAQ&usg=AOvVaw3AHHmfTudMOFFJEtPBnGeb
11:46:15;20/03/2020;Boeing Gains as Lawmakers Propose $150 Billion Corporate Rescue Package, Trump Hints at Government Stakes in Some Companies;Boeing shares were marked 5.5% higher in early trading Friday to change hands at $103.00 each, a move that would still leave the world's second-largest...;https://www.thestreet.com/investing/boeing-surges-as-lawmakers-propose-corporate-rescue-package&sa=U&ved=2ahUKEwjP7LiowKnoAhUIiFwKHVVjBDgQxfQBMAN6BAgJEAE&usg=AOvVaw36tl4dH-KmjEsUNlA8JK4L
11:46:15;20/03/2020;"Death Toll Tops 10,000; BOE Cancels Stress Test: Virus Update";Boeing stock is a Dow Jones component, but no longer the biggest weight in the price-weighted index. S&P 500 futures sank 2.1%. Nasdaq 100 futures fell 1.4%...;https://www.investors.com/news/virus-stress-update-cancels-death/&sa=U&ved=2ahUKEwiY3-aqwKnoAhVCnVwKHd8eA-U4HhDF9AEwB3oECAUQAQ&usg=AOvVaw2wdURFFGqf5dsQOsLNiIsu
11:46:15;20/03/2020;Morning Greatness: GOP Political Parasites Bail Out of Stock Market ...;Senators Richard Burr and Kelly Loeffler dumps stock before CHINESE ... Nikki Haley Breaks with Trump, Resigns from Boeing over Company Seeking Bailout.;https://amgreatness.com/2020/03/20/morning-greatness-gop-political-parasites-bail-out-of-stock-market-before-chinese-virus-crash/&sa=U&ved=2ahUKEwjKu5StwKnoAhUXQkEAHSMpDIU4PBDF9AEwBXoECAcQAQ&usg=AOvVaw2fNx0hRLxWPi5HcZZ88CwE
11:46:15;20/03/2020;If We Bail Out Airlines, It Better Come With Climate Rules;... going under, and Boeing, the top U.S. plane manufacturer, grounded its new ... Democrats to include strict limits on executive bonuses and stock buybacks.;https://www.huffpost.com/entry/airline-bailout-climate-rules_n_5e73df84c5b63c3b648d435f&sa=U&ved=2ahUKEwjmptWuwKnoAhURYcAKHY3bC604UBDF9AEwCHoECAUQAQ&usg=AOvVaw3LYmf0M5oLkKpCWfUfVGqh
11:46:15;20/03/2020;The Note: 'Wartime president' gets polling boost as election scripts get rewritten;... tanked a favorite job-approval metric -- the stock market -- while stressing the ... resigned from her position on the board of Boeing, seeming to anticipate the...;https://abcnews.go.com/Politics/note-wartime-president-polling-boost-election-scripts-rewritten/story%3Fid%3D69691517&sa=U&ved=2ahUKEwj-tLavwKnoAhVvQkEAHWdzAs44WhDF9AEwBXoECAMQAQ&usg=AOvVaw2wySxPs8N9sVI62kCvSWHZ
10:46:15;20/03/2020;Coronavirus Shuts Down California, Senate Debates $1T Stimulus, Apple, Tesla - 5 Things You Must Know Friday;Stock futures rose Friday and shares in Asia and Europe traded higher after ... Nikki Haley resigned from the board of Boeing (BA) - Get Report, less than a year...;https://www.thestreet.com/markets/5-things-you-must-know-before-the-market-opens-friday-032020&sa=U&ved=2ahUKEwjIjfqpwKnoAhUREcAKHXcnDk44FBDF9AEwCHoECAAQAQ&usg=AOvVaw0CBwr2WDxlhPOs5cbqgg1A
10:46:15;20/03/2020;Boeing (NYSE:BA) Shares Gap Down on Analyst Downgrade;The stock had previously closed at $104.98, but opened at $101.89. Boeing shares last traded at $97.71, with a volume of 40,078,684 shares traded. Several other...;https://redmondregister.com/2020/03/20/boeing-nyseba-shares-gap-down-on-analyst-downgrade.html&sa=U&ved=2ahUKEwiY3-aqwKnoAhVCnVwKHd8eA-U4HhDF9AEwAHoECAAQAQ&usg=AOvVaw0MmEHdTjI-2DMuli9z7Vak
10:46:15;20/03/2020;Trump administration 'asks states to STOP reporting jobless figures';Revealed: Four senators dumped millions in stocks while Capitol Hill was being ... Boeing Co on Tuesday called for a $60 billion bailout in access to public and...;https://www.dailymail.co.uk/news/article-8133973/Trump-administration-asks-states-STOP-reporting-jobless-figures.html&sa=U&ved=2ahUKEwi3_JuwwKnoAhUUhlwKHbIRDzs4ZBDF9AEwAXoECAMQAQ&usg=AOvVaw0Akq1dYzDAYkLODiSA3idz
09:46:15;20/03/2020;Stock Upgrades: Veeva Systems Shows Rising Relative Strength;Boeing stock is a Dow Jones component, but no longer the biggest weight in the price-weighted index. S&P 500 futures sank 2.1%. Nasdaq 100 futures fell 1.4%...;https://www.investors.com/ibd-data-stories/stock-upgrades-veeva-systems-shows-rising-relative-strength-3/&sa=U&ved=2ahUKEwjIjfqpwKnoAhUREcAKHXcnDk44FBDF9AEwAnoECAkQAQ&usg=AOvVaw03OVoWwx2Z8bv3p40b-CNU
09:46:15;20/03/2020;Boeing (NYSE:BA) Given Media Sentiment Score of -3.42;Shares of BA stock opened at $97.71 on Friday. Boeing has a 1-year low of $89.00 and a 1-year high of $398.66. The company has a market capitalization of...;https://redmondregister.com/2020/03/20/boeing-nyseba-given-media-sentiment-score-of-3-42.html&sa=U&ved=2ahUKEwiY3-aqwKnoAhVCnVwKHd8eA-U4HhDF9AEwAXoECAcQAQ&usg=AOvVaw3HICiBVBk2MOX3XovzntZZ
08:46:15;20/03/2020;Boeing Looks for Ways to Save Cash — WSJ;European plane maker Airbus SE, whose shares have fallen almost as much as Boeing's this year, is also seeking government support in Europe. Its global...;https://www.morningstar.com/news/dow-jones/202003201519/boeing-looks-for-ways-to-save-cash-wsj&sa=U&ved=2ahUKEwjOgNGrwKnoAhWPEMAKHVd1DI44KBDF9AEwAHoECAEQAQ&usg=AOvVaw3jaQaz-xFs8W7794ejK-AS
08:46:15;20/03/2020;Update on the latest in business;BEIJING (AP) — Asian stock markets rose Friday after Wall Street gained on ... The Trump administration has said it would back Boeing, which is also a top U.S....;https://www.ksl.com/article/46732537/update-on-the-latest-in-business&sa=U&ved=2ahUKEwjKu5StwKnoAhUXQkEAHSMpDIU4PBDF9AEwAHoECAAQAQ&usg=AOvVaw1QXKiNiQD2F8kBXeFZiZ-V
07:46:15;20/03/2020;Trading Day: Market drops 13pc for the week as virus containment measures widen;That takes his indirect holdings to 50,000 shares. Share. FacebookTwitterEmail. IN AN HOUR | 12.29pm Boeing director opposes bailout, exits.;https://www.theaustralian.com.au/business/trading-day/trading-day-stocks-rise-after-massive-bank-action-asx-to-open-higher/news-story/6eab0aa1f39d0197f9b78d40e1d79f72&sa=U&ved=2ahUKEwjx2_atwKnoAhUGTcAKHbqRAYY4RhDF9AEwCXoECAAQAQ&usg=AOvVaw1ksKKrRUZUoeJEg0ZRAJkw
06:46:15;20/03/2020;"Foreign ministers of S.Korea, China, Japan support Tokyo holding ""complete"" Olympics -Seoul";Boeing stock fell. Cash flow has been a growing issue at Boeing as collapsing travel demand has caused airlines to defer orders, while the grounded 737 Max has...;https://finance.yahoo.com/news/foreign-ministers-korea-china-japan-052823043.html&sa=U&ved=2ahUKEwjx2_atwKnoAhUGTcAKHbqRAYY4RhDF9AEwCHoECAQQAQ&usg=AOvVaw0wBSWuW1If9eh0KUdbcA1j
05:46:15;20/03/2020;Boeing Stock Falls As Dividend Cut, Layoffs Mulled While Congress Wary Of Bailout - Investor's Business Daily;Boeing Stock Falls As Dividend Cut, Layoffs Mulled While Congress Wary Of Bailout – Investor's Business Daily. Access to this page has been denied because we...;https://newarknow.org/boeing-stock-falls-as-dividend-cut-layoffs-mulled-while-congress-wary-of-bailout-investors-business-daily/1391/&sa=U&ved=2ahUKEwiY3-aqwKnoAhVCnVwKHd8eA-U4HhDF9AEwAnoECAkQAQ&usg=AOvVaw3-X-jtplQ8X6CLaTpqPN_g
03:46:15;20/03/2020;Boeing could be hurting long after airlines recover from coronavirus outbreak;Boeing has already taken huge hits in the stock market, losing roughly 70 percent of its value in 2020. A Wall Street Journal article Thursday said Boeing is...;https://q13fox.com/2020/03/19/boeing-could-be-hurting-long-after-airlines-recover-from-coronavirus-outbreak/&sa=U&ved=2ahUKEwjP7LiowKnoAhUIiFwKHVVjBDgQxfQBMAh6BAgCEAE&usg=AOvVaw0y33m_S25ixj9hMqGuld0u
01:46:15;20/03/2020;Boeing eyes production pause as virus spreads: sources;SEATTLE (Reuters) - Boeing Co <BA.N> is leaning toward a temporary work stoppage at its twin-aisle jetliner factories due to the spread of coronavirus, people...;https://finance.yahoo.com/news/boeing-eyes-production-pause-virus-234605218.html&sa=U&ved=2ahUKEwi2hpepwKnoAhWPgVwKHc1TAPo4ChDF9AEwAHoECAYQAQ&usg=AOvVaw1Y3Zg86vSvE4jPGYToftaN
01:46:15;20/03/2020;Financial Advisor Tips: How To Appeal To Nonprofit Client's Board ...;Boeing stock fell modestly, extending its massive losses during the coronavirus stock market crash. Also in Thursday's session, Advanced Micro Devices (AMD),...;https://www.investors.com/financial-advisors/financial-advisor-tips-how-appeal-nonprofit-client-board-of-directors/&sa=U&ved=2ahUKEwiY3-aqwKnoAhVCnVwKHd8eA-U4HhDF9AEwBHoECAQQAQ&usg=AOvVaw2jbD_E8KihruORpkA8Ls3L
01:46:15;20/03/2020;Governments offer financial lifelines to airlines, at a price;... the U.S. Treasury Department could receive warrants, stock options, or stock as a ... Former U.N. ambassador Nikki Haley resigned from Boeing Co's board on...;https://kfgo.com/2020/03/20/governments-offer-financial-lifelines-to-airlines-at-a-price/&sa=U&ved=2ahUKEwiImbOswKnoAhUUQ8AKHV9cBpE4MhDF9AEwCXoECAUQAQ&usg=AOvVaw0AJ4FaSXLrpjZVn44O-k1k
01:46:15;20/03/2020;"Movie Theaters Knocked Out By Coronavirus; Will Patrons Return After Crisis?";Boeing stock is a Dow Jones component, but no longer the biggest weight in the price-weighted index. S&P 500 futures sank 2.1%. Nasdaq 100 futures fell 1.4%...;https://www.investors.com/news/technology/click/movie-theaters-knocked-out-coronavirus-emergency-will-patrons-return/&sa=U&ved=2ahUKEwjKu5StwKnoAhUXQkEAHSMpDIU4PBDF9AEwCXoECAEQAQ&usg=AOvVaw0USxUcCdC-UQ67XWQ4N0Qi
01:46:15;20/03/2020;Senate Republican Proposal Rejects Grants for US Airlines, Could ...;Boeing Co, which has sought $60 billion in U.S. government loan guarantees ... airline industry just spent billions and billions in stock buybacks in the last two...;https://hamodia.com/2020/03/19/senate-republican-proposal-rejects-grants-u-s-airlines-get-equity/&sa=U&ved=2ahUKEwjx2_atwKnoAhUGTcAKHbqRAYY4RhDF9AEwB3oECAEQAQ&usg=AOvVaw0ygW2-HcfMoytTeAwn7qZK
01:46:15;20/03/2020;US close: Stocks finish higher as central banks pile on the ...;US close: Stocks finish higher as central banks pile on the stimulation ... (Sharecast News) - Shares on Wall Street finished higher on Thursday, ... Boeing Co.;https://www.lse.co.uk/news/us-close-stocks-finish-higher-as-central-banks-pile-on-the-stimulation-erc4jvvc2q2d6xy.html&sa=U&ved=2ahUKEwjmptWuwKnoAhURYcAKHY3bC604UBDF9AEwB3oECAEQAQ&usg=AOvVaw0X2ASi4HrYLbciK_6zywY9
00:46:15;20/03/2020;Boeing's future unclear as massive $60B coronavirus bailout hangs ...;The company's once high-flying stock reflects the devastating impacts of COVID-19, ... Shares of Boeing have been tumbling during the virus outbreak and they...;https://www.postandcourier.com/business/boeing-s-future-unclear-as-massive-b-coronavirus-bailout-hangs/article_ef1c935c-6a12-11ea-a1ed-0315ea299e99.html&sa=U&ved=2ahUKEwjP7LiowKnoAhUIiFwKHVVjBDgQxfQBMAJ6BAgHEAE&usg=AOvVaw3CwGECdTQmT2dOcVD7WuXh
00:46:15;20/03/2020;Flying On A 787 Soon? Install Your Own Stained Glass Window;"Airbus A330 – $25 (Out of stock at the time of writing); Airbus A350 – $30; Boeing 707-767 – $35; Boeing 777X – $45; Boeing 787 – $50. However,...";https://simpleflying.com/flying-on-a-787-soon-install-your-own-stained-glass-window/&sa=U&ved=2ahUKEwiImbOswKnoAhUUQ8AKHV9cBpE4MhDF9AEwAnoECAgQAQ&usg=AOvVaw2BQz0mnMIRbtHbWbcfG_3L
00:46:15;20/03/2020;South Korea Stock Market May Stop The Bleeding On Friday;(RTTNews) - Boeing Co. (BA) said on Thursday said that Nikki Haley, the former governor of South Carolina, has resigned from the board due to her disagreement...;https://www.nasdaq.com/articles/south-korea-stock-market-may-stop-the-bleeding-on-friday-2020-03-19&sa=U&ved=2ahUKEwjKu5StwKnoAhUXQkEAHSMpDIU4PBDF9AEwBHoECAUQAQ&usg=AOvVaw0Mfez3-9vVulL7lCnyFgXh
00:46:15;20/03/2020;Fed Chair Powell’s Mario Moment…;In a statement, Boeing said it was seeking access to public and private liquidity ... News of the partnership helped lift Pfizer stock 7% over the past two days, and...;https://www.nasdaq.com/articles/fed-chair-powells-mario-moment...-2020-03-19&sa=U&ved=2ahUKEwjx2_atwKnoAhUGTcAKHbqRAYY4RhDF9AEwBXoECAIQAQ&usg=AOvVaw3YRWILmbr76jAiw0wxmhqA
00:46:15;20/03/2020;Edited Transcript of TRS earnings conference call or presentation 27-Feb-20 3:00pm GMT;... more than 1.2 million shares of our stock in return of capital to shareholders. ... in our 2020 plan based on the most recent forecast communicated by Boeing.;https://finance.yahoo.com/news/edited-transcript-trs-earnings-conference-172620534.html&sa=U&ved=2ahUKEwi3_JuwwKnoAhUUhlwKHbIRDzs4ZBDF9AEwAnoECAIQAQ&usg=AOvVaw3s14U4MAk94zGqvck3hrCY
23:46:15;19/03/2020;Stocks making the biggest moves after hours: Crowdstrike, Ollie's Bargain Outlet, Tesla and more;Boeing — The plane manufacturer saw its stock fall 2% after former UN ambassador Nikki Haley resigned from the company's board. Haley said she stepped...;https://www.cnbc.com/2020/03/19/stocks-making-the-biggest-moves-after-hours-crowdstrike-ollies-bargain-outlet-tesla-and-more.html&sa=U&ved=2ahUKEwi2hpepwKnoAhWPgVwKHc1TAPo4ChDF9AEwBHoECAEQAQ&usg=AOvVaw0EJEY6az04RROYLHrmJwA5
23:46:15;19/03/2020;Former U.N. ambassador Nikki Haley leaves Boeing board ...;(Reuters) - Former U.N. ambassador Nikki Haley has resigned from Boeing Co's ... stock or other instruments to ensure the government participates in any gains.;https://wkzo.com/news/articles/2020/mar/19/us-politician-nikki-haley-resigns-from-boeing-board/996889/%3Frefer-section%3Dnational&sa=U&ved=2ahUKEwjOgNGrwKnoAhWPEMAKHVd1DI44KBDF9AEwBXoECAMQAQ&usg=AOvVaw2gWoo-W7dzXG1-mrQ_XbfC
23:46:15;19/03/2020;Business Fallout: Airlines seek funds, Haley quits Boeing;Company shares are up almost 530% this week. Blue Apron said it has seen a sharp increase in consumer demand over the last week and is increasing its...;https://www.galvnews.com/news_ap/texas/article_75fcd8c4-ce8a-5de7-8e3e-5ffb0d4fa93b.html%3Fblock_id%3D531919&sa=U&ved=2ahUKEwiImbOswKnoAhUUQ8AKHV9cBpE4MhDF9AEwAXoECAkQAQ&usg=AOvVaw0W3loWsJKDFB3QxoTLGrEr
23:46:15;19/03/2020;Public Storage (PSA) Poised for Growth on Expansion Plans;The stock has seen upward revision in the current year earnings estimates over the ... In a statement, Boeing said it was seeking access to public and private...;https://www.nasdaq.com/articles/public-storage-psa-poised-for-growth-on-expansion-plans-2020-03-19&sa=U&ved=2ahUKEwiImbOswKnoAhUUQ8AKHV9cBpE4MhDF9AEwB3oECAIQAQ&usg=AOvVaw2SNxfdh5Mb0ZO2HIyid5v0
23:46:15;19/03/2020;UBS Group (UBS) to Brave Coronavirus Impacts with Low Losses;Zacks has just released Century of Biology: 7 Biotech Stocks to Buy Right Now to help ... In a statement, Boeing said it was seeking access to public and private...;https://www.nasdaq.com/articles/ubs-group-ubs-to-brave-coronavirus-impacts-with-low-losses-2020-03-19&sa=U&ved=2ahUKEwiImbOswKnoAhUUQ8AKHV9cBpE4MhDF9AEwCHoECAQQAQ&usg=AOvVaw0ujEYNFRthk6TJqVggb4PD
23:46:15;19/03/2020;Senate Republican proposal rejects grants for U.S. airlines, could ...;Boeing Co , which has sought $60 billion in U.S. government loan guarantees for ... companies using taxpayer funds for executive bonuses or stock buybacks.;https://wkzo.com/news/articles/2020/mar/19/us-airlines-double-down-on-request-for-cash-as-senate-leader-touts-loans/996888/%3Frefer-section%3Dnational&sa=U&ved=2ahUKEwjKu5StwKnoAhUXQkEAHSMpDIU4PBDF9AEwCHoECAMQAQ&usg=AOvVaw3Pghjz7Oi1ZzxxsRF64Qll
23:46:15;19/03/2020;When You Reward Failure You Encourage Fraud;Stock buybacks have been prohibited since the Great Depression because we ... Boeing has propped up their share price by an astounding $43 billion over the...;https://www.streetwisereports.com/article/2020/03/19/when-you-reward-failure-you-encourage-fraud.html&sa=U&ved=2ahUKEwjmptWuwKnoAhURYcAKHY3bC604UBDF9AEwA3oECAcQAQ&usg=AOvVaw3C67Dr4cHHTwt25Ll0Ev6T
23:46:15;19/03/2020;Mitch McConnell unveils $1,200 checks for every American;Buybacks are when a company reacquires its stock by purchasing shares back ... Boeing Co on Tuesday called for a $60 billion bailout in access to public and...;https://www.dailymail.co.uk/news/article-8132687/Mitch-McConnell-unveils-1-200-checks-American.html&sa=U&ved=2ahUKEwj-tLavwKnoAhVvQkEAHWdzAs44WhDF9AEwAnoECAcQAQ&usg=AOvVaw3F54nTovt4_0WjdGQsGwBI
22:46:15;19/03/2020;Boeing being compared to AIG on Capitol Hill - CNBC;Tausche notes cash flow was headed south at Boeing prior to the coronavirus. Other bailout possibilities like small businesses, hotels, and restaurants are just...;https://seekingalpha.com/news/3553522-boeing-being-compared-to-aig-on-capitol-hill-cnbc&sa=U&ved=2ahUKEwi2hpepwKnoAhWPgVwKHc1TAPo4ChDF9AEwA3oECAkQAQ&usg=AOvVaw3PuihYQB2Y5f60gpZWdhLK
22:46:15;19/03/2020;Winning At The Stock Market Table: Navient Corporation (NAVI), The Boeing Company (BA);Winning At The Stock Market Table: Navient Corporation (NAVI), The Boeing Company (BA).;https://uspostnews.com/2020/03/19/winning-at-the-stock-market-table-navient-corporation-navi-the-boeing-company-ba/&sa=U&ved=2ahUKEwjIjfqpwKnoAhUREcAKHXcnDk44FBDF9AEwAXoECAcQAQ&usg=AOvVaw3i2BVpwM5QwjkrpbFgnpqO
22:46:15;19/03/2020;"10 Best Stocks in Dow Jones Today; Buy or Sell?";The stock market needed these gains today after falling below 20,000 yesterday for the first time since Feb. 2017. The stocks below aren't the only stocks...;https://www.thestreet.com/investing/stocks/best-stocks-dow-jones-3-19-2020&sa=U&ved=2ahUKEwjIjfqpwKnoAhUREcAKHXcnDk44FBDF9AEwB3oECAUQAQ&usg=AOvVaw1TqNZfcmOm-nFPtNWszVsG
22:46:15;19/03/2020;GE Stock Rises As General Electric To Boost Ventilator Output In ...;The relative strength line of GE stock is lagging in the coronavirus stock market correction, within a longer-term decline. Among other medical ventilator stocks,...;https://www.investors.com/news/ge-stock-rises-general-electric-boosting-ventilator-output/&sa=U&ved=2ahUKEwjOgNGrwKnoAhWPEMAKHVd1DI44KBDF9AEwBHoECAUQAQ&usg=AOvVaw2YjWyOiIbavi-urY-HMzpR
22:46:15;19/03/2020;Growth Stocks: This Biotech Supplier Shows Spiking Relative Strength;That's after after Apple stock, Tesla stock, Boeing stock, AMD stock, Amazon stock and Disney stock fell anywhere from 8% to 18% in Thursday's stock market...;https://www.investors.com/research/growth-stocks-biotech-supplier-shows-spiking-relative-strength/&sa=U&ved=2ahUKEwjx2_atwKnoAhUGTcAKHbqRAYY4RhDF9AEwAHoECAUQAQ&usg=AOvVaw2zQIlEX1ES118tob8CQkaZ
22:46:15;19/03/2020;U.S. Seeks To Strike Balance as Industry Pleads for Bailouts;Boeing, meanwhile, continued to burn through cash reserves as it watched its stock price decline by some 70 percent. Much of the debate surrounds a $50 billion...;https://www.ainonline.com/aviation-news/air-transport/2020-03-19/us-seeks-strike-balance-industry-pleads-bailouts&sa=U&ved=2ahUKEwjx2_atwKnoAhUGTcAKHbqRAYY4RhDF9AEwBnoECAMQAQ&usg=AOvVaw0xpTEw8z_u9UOGW18u2t9w
22:46:15;19/03/2020;The Boeing Company 8-K Mar. 19, 2020 5:04 PM;"SECTION 1. Stock Certificates; Uncertificated Shares. 19. SECTION 2. Transfer Agents and Registrars. 19.";https://seekingalpha.com/filing/4892411&sa=U&ved=2ahUKEwjmptWuwKnoAhURYcAKHY3bC604UBDF9AEwAXoECAkQAQ&usg=AOvVaw1NBGvX-Nh44FHExDtAHto4
22:46:15;19/03/2020;Dow Jones Today: Dour Unemployment Numbers Cap Gains;... including floundering Boeing (NYSE:BA), the optics of a bailout not involving ... It wasn't a spectacular day by any stretch, but 20 of 30 stocks were higher in...;https://investorplace.com/2020/03/dow-jones-today-dour-unemployment-numbers-cap-gains/&sa=U&ved=2ahUKEwjmptWuwKnoAhURYcAKHY3bC604UBDF9AEwCXoECAAQAQ&usg=AOvVaw3Sq1QNKKodu-adjim4JUYX
21:46:15;19/03/2020;Market Structure Working In Reverse: Boeing Under Consistent Selling Pressure;More specifically, stocks that have seen precipitous falls in market capitalization continue to see amplified selling pressure, including Boeing (BA), whose shares...;https://seekingalpha.com/article/4333108-market-structure-working-in-reverse-boeing-under-consistent-selling-pressure&sa=U&ved=2ahUKEwjP7LiowKnoAhUIiFwKHVVjBDgQxfQBMAd6BAgEEAE&usg=AOvVaw3kndQWTEPkcjDY_2C6xEKR
21:46:15;19/03/2020;Why Airplane Stocks, Both Military and Civilian, Are Down Today;Today, shares of Boeing (NYSE:BA) were down 2.7% as of 1:20 p.m. EDT after falling more than 11% initially. Textron (NYSE:TXT), maker of Cessna prop-driven...;https://www.fool.com/investing/2020/03/19/time-sensitive-why-airplane-stocks-both-military-a.aspx&sa=U&ved=2ahUKEwjIjfqpwKnoAhUREcAKHXcnDk44FBDF9AEwBHoECAIQAQ&usg=AOvVaw1HdFbWsmtdHf3hzo-EARaD
21:46:15;19/03/2020;"Stock Market Today: Small-Cap Stocks Lead Charge; Ford Cuts Dividend";Boeing (NYSE:BA) may be next. According to reports, the company is weighing a dividend cut and layoffs. After the stock's stunning decline to sub-$100 prices,...;https://investorplace.com/2020/03/stock-market-today-small-cap-stocks-lead-charge-ford-cuts-dividend/&sa=U&ved=2ahUKEwjIjfqpwKnoAhUREcAKHXcnDk44FBDF9AEwCXoECAQQAQ&usg=AOvVaw3xowy2mJj_rj6DO-BK_EbN
21:46:15;19/03/2020;Coronavirus: Airlines sending wide-bodies to the desert for storage - Business Insider;Get the latest Boeing stock price here.;https://www.businessinsider.com/coronavirus-airlines-sending-wide-bodies-to-the-desert-for-storage-2020-3&sa=U&ved=2ahUKEwiY3-aqwKnoAhVCnVwKHd8eA-U4HhDF9AEwBnoECAEQAQ&usg=AOvVaw0EewSMWnAr_IxieZOsobLU
21:46:15;19/03/2020;Here's what happened to the stock market on Thursday;A trader works on the floor of the New York Stock Exchange, January 28, 2020. Bryan R Smith | Reuters. Dow Jones Industrial Average rises 188 points. The Dow...;https://www.cnbc.com/2020/03/19/what-happened-to-the-stock-market-thursday-tech-leads-dow-higher.html&sa=U&ved=2ahUKEwiY3-aqwKnoAhVCnVwKHd8eA-U4HhDF9AEwCHoECAYQAQ&usg=AOvVaw3u19s7UFXvvDHW9_KBYjbC
21:46:15;19/03/2020;Theravance Biopharma (TBPH) Shares Cross Above 200 DMA;Today, shares of Boeing (NYSE: BA) were down 2.7% as of 1:20 p.m. EDT after falling more than 11% initially. Textron (NYSE: TXT), maker of Cessna prop-driven...;https://www.nasdaq.com/articles/theravance-biopharma-tbph-shares-cross-above-200-dma-2020-03-19&sa=U&ved=2ahUKEwjOgNGrwKnoAhWPEMAKHVd1DI44KBDF9AEwA3oECAcQAQ&usg=AOvVaw0lIJx-t6_vQhqZlBMqezSx
21:46:15;19/03/2020;Rare Value And Growth Stock Opportunity: Penn Virginia Corporation (NASDAQ:PVAC), The Boeing Company (NYSE:BA);Rare Value And Growth Stock Opportunity: Penn Virginia Corporation (NASDAQ:PVAC), The Boeing Company (NYSE:BA). By. Kaden Gilbert. -. March 19, 2020.;https://statereviewer.com/2020/03/19/rare-value-and-growth-stock-opportunity-penn-virginia-corporation-nasdaqpvac-the-boeing-company-nyseba/&sa=U&ved=2ahUKEwjOgNGrwKnoAhWPEMAKHVd1DI44KBDF9AEwCHoECAIQAQ&usg=AOvVaw3zUpVJF6L2lbIXQP8poGdg
21:46:15;19/03/2020;Börse: Dow Jones und Dax schließen im Plus - dank Fed und EZB;An der Wall Street legte der Technologie-Index Nasdaq Stock Market Börsen-Chart zeigen ebenso wie der Dow ... Boeing-Aktien fielen um mehr als ein Prozent.;https://www.manager-magazin.de/finanzen/boerse/boerse-aktueller-bericht-mit-aktien-euro-kurs-und-oelpreisen-a-1305556.html&sa=U&ved=2ahUKEwiImbOswKnoAhUUQ8AKHV9cBpE4MhDF9AEwA3oECAcQAQ&usg=AOvVaw1Ldta_MqQmDkqSQicHJqfO
21:46:15;19/03/2020;Verizon Stock A Safe Dividend Amid Virus?;That's after after Apple stock, Tesla stock, Boeing stock, AMD stock, Amazon stock and Disney stock fell anywhere from 8% to 18% in Thursday's stock market...;https://www.investors.com/news/technology/verizon-stock-t-stock-coronavirus-bear-market-branch/&sa=U&ved=2ahUKEwjx2_atwKnoAhUGTcAKHbqRAYY4RhDF9AEwAXoECAcQAQ&usg=AOvVaw3iEtfN6QN0VGb5AG9ZG5Xq
21:46:15;19/03/2020;U.S. Agency Asks for All Elective Surgeries to Be Postponed Due to Coronavirus;After all, the newsletter they have run for over a decade, Motley Fool Stock Advisor, ... Today, shares of Boeing (NYSE: BA) were down 2.7% as of 1:20 p.m. EDT...;https://www.nasdaq.com/articles/u.s.-agency-asks-for-all-elective-surgeries-to-be-postponed-due-to-coronavirus-2020-03-19&sa=U&ved=2ahUKEwjmptWuwKnoAhURYcAKHY3bC604UBDF9AEwBHoECAQQAQ&usg=AOvVaw0n2mSWRhjedqGaDRHXCpHi
20:46:15;19/03/2020;Boeing Is Ready For Take-Off;The Boeing 737 Max fiasco was soon followed by the COVID-19 epidemic. Given the expected lower cash flows, and in line with the overall market, the stock has...;https://seekingalpha.com/article/4333080-boeing-is-ready-for-take-off&sa=U&ved=2ahUKEwjP7LiowKnoAhUIiFwKHVVjBDgQxfQBMAR6BAgFEAE&usg=AOvVaw3sxrec7o8Cn5qFVEnU4Fax
20:46:15;19/03/2020;The market is not quite as bad as the Dow makes it look;But the Dow companies represent only a small minority of U.S. stock-market ... By the numbers: Boeing's share price has fallen from $440 in March last year to...;https://www.axios.com/market-down-dow-coronavirus-ba50727c-b272-47e8-a738-f35716f8ce0d.html&sa=U&ved=2ahUKEwi2hpepwKnoAhWPgVwKHc1TAPo4ChDF9AEwBXoECAUQAQ&usg=AOvVaw2B4ok8FraXha2OGSkATXlN
20:46:15;19/03/2020;The Dow Is Rallying as Warren Buffett Buys the Stock Market Dip;Apple bulls will be anxiously awaiting to see its results in China to evaluate how quickly demand is picking up there. Loading video. Boeing stock continues to...;https://www.ccn.com/the-dow-is-rallying-as-warren-buffett-buys-the-stock-market-dip/&sa=U&ved=2ahUKEwjIjfqpwKnoAhUREcAKHXcnDk44FBDF9AEwBXoECAYQAQ&usg=AOvVaw05KwZ74Ahu3Y-e35OnBem_
20:46:15;19/03/2020;Buy Virgin Galactic on Coronavirus Pullback;The Future Holds Value for SPCE Stock. The destruction of the aerospace industry isn't doing Virgin stock any favors right now. Boeing (NYSE:BA), General...;https://investorplace.com/2020/03/buy-virgin-galactic-on-coronavirus-pullback/&sa=U&ved=2ahUKEwiY3-aqwKnoAhVCnVwKHd8eA-U4HhDF9AEwCXoECAMQAQ&usg=AOvVaw3tAmH_r8kJYs-2Z0ptAf32
20:46:15;19/03/2020;The Dow Is Taking a Nosedive. What Does That Actually Mean for Me?;... an index measuring how 30 major companies are performing in the stock market. Apple, Boeing, Coca-Cola, Nike, Visa and Disney are all currently included,...;http://money.com/dow-coronavirus-what-should-i-do/&sa=U&ved=2ahUKEwjOgNGrwKnoAhWPEMAKHVd1DI44KBDF9AEwCXoECAQQAQ&usg=AOvVaw2Pgu-WiuoE6BOv5NBi0Shp
20:46:15;19/03/2020;"The great unknown; Leidos CEO on COVID-19; F-35 lines reopen ...";Boeing, whose stock is currently under $100 for the first time since 2013, has asked for at least $60 billion from the U.S. government to protect itself and thousands...;https://www.defenseone.com/business/2020/03/global-business-brief-march-19-2020/163931/&sa=U&ved=2ahUKEwjKu5StwKnoAhUXQkEAHSMpDIU4PBDF9AEwB3oECAIQAQ&usg=AOvVaw1MF1zibidAjnk3I7nLofqw
20:46:15;19/03/2020;Stocks Push Higher Amid Wall Street Turmoil: Live Markets Updates;Boeing alone spent $35 billion on stock buybacks over the past five years, halting the purchases in the middle of last year, after its 737 MAX planes were grounded...;https://www.nytimes.com/2020/03/19/business/stock-market-today-coronavirus.html&sa=U&ved=2ahUKEwj-tLavwKnoAhVvQkEAHWdzAs44WhDF9AEwAXoECAgQAQ&usg=AOvVaw3sq1Z099mboRtRH3xT2NeK
19:46:15;19/03/2020;The Importance of ESG Factors in Investment Decisions;Families lost loved ones, communities lost valued contributors, and because of its negligence, Boeing lost a meaningful share of its reputation. The stock...;https://www.nasdaq.com/articles/the-importance-of-esg-factors-in-investment-decisions-2020-03-19&sa=U&ved=2ahUKEwjKu5StwKnoAhUXQkEAHSMpDIU4PBDF9AEwBnoECAQQAQ&usg=AOvVaw0jfhP1YFoF5LVTie7_I9Qb
19:46:15;19/03/2020;Trump, Cuban ‘OK’ With Banning Buybacks for Bailouts. Why That’s a Bad Idea;Plane maker Boeing, which has cratered a staggering 70% in the last month alone, from about $340 a share to just under $100 as of 1 p.m EDT today, spent...;https://moneyandmarkets.com/ban-stock-buybacks-mark-cuban-donald-trump-clint-lee/&sa=U&ved=2ahUKEwjx2_atwKnoAhUGTcAKHbqRAYY4RhDF9AEwA3oECAgQAQ&usg=AOvVaw39_oljMWcf9-lMYCaTKojI
19:46:15;19/03/2020;Despite Craziness, The Markets Are Doing What They're Best At;Over the last ten years, Boeing has spent $43.4 billion buying back shares to enhance EPS and therefore the stock price, while the 96% available free cash flow...;https://www.nasdaq.com/articles/despite-craziness-the-markets-are-doing-what-theyre-best-at-2020-03-19&sa=U&ved=2ahUKEwjx2_atwKnoAhUGTcAKHbqRAYY4RhDF9AEwBHoECAYQAQ&usg=AOvVaw2hRCLywMCcWu894GChnFZM
19:46:15;19/03/2020;BUZZ-U.S. STOCKS ON THE MOVE-Guess, Occidental, Accenture, Uber, Gilead Sciences;BUZZ-U.S. STOCKS ON THE MOVE-Guess, Occidental, Accenture, Uber, Gilead ... N: down 1.6% BUZZ-Boeing gets new Street low PT from Cowen as liquidity...;https://www.nasdaq.com/articles/buzz-u.s.-stocks-on-the-move-guess-occidental-accenture-uber-gilead-sciences-2020-03-19&sa=U&ved=2ahUKEwjmptWuwKnoAhURYcAKHY3bC604UBDF9AEwAHoECAIQAQ&usg=AOvVaw2KQWQnCngDiz2S41jH6SrT
19:46:15;19/03/2020;Recession Turn: Many More Companies Now At-Risk of Halting Dividends and Buybacks to Fight the Coronavirus;And for corporate stock buyback plans, many companies move to suspend those ... The company's woes to the 737 MAX are now history, and Boeing has gone...;https://247wallst.com/investing/2020/03/19/recession-turn-many-more-companies-now-at-risk-of-halting-dividends-and-buybacks-to-fight-the-coronavirus/&sa=U&ved=2ahUKEwj-tLavwKnoAhVvQkEAHWdzAs44WhDF9AEwBnoECAEQAQ&usg=AOvVaw2eVXgjZ074z_t0v3YwwwQl
18:46:15;19/03/2020;Trump says government could take equity in bailed-out companies | TheHill;“They bought back stock and they paid a high price for it as it turned out. ... of bailing out or supporting certain industries and companies — particularly Boeing.;https://thehill.com/policy/finance/488470-trump-says-government-could-take-equity-in-bailed-out-companies&sa=U&ved=2ahUKEwiY3-aqwKnoAhVCnVwKHd8eA-U4HhDF9AEwBXoECAIQAQ&usg=AOvVaw1q9LhRFanCpmGT1gjbQOYr
18:46:15;19/03/2020;Bill Ackman Killed The Stock Market;“The hotel industry and the restaurant industry will go bankrupt first, Boeing is on the brink, Boeing will not survive without a government bailout,” Ackman said.;https://dealbreaker.com/2020/03/ackman-coronavirus-plan&sa=U&ved=2ahUKEwjOgNGrwKnoAhWPEMAKHVd1DI44KBDF9AEwAXoECAkQAQ&usg=AOvVaw049z-bRCJ9DyQu-mNvYp4F
18:46:15;19/03/2020;Recycling industry's response to COVID-19;ISRI Paper Stock Industries Chapter President Leonard Zeid says on March 18 the ... he attributes to trouble at Boeing and with the aerospace sector in general.;https://www.wastetodaymagazine.com/recycling-industry-companies-respond-covid-19-with-changes.aspx&sa=U&ved=2ahUKEwj-tLavwKnoAhVvQkEAHWdzAs44WhDF9AEwCHoECAYQAQ&usg=AOvVaw3m_8K3Akg7fAdEFKRc_B_7
