Keyword: ;Lucerne
""
Stimmung: ;0.010606060606060605;Positiv
Subjektivität: ;0.0;Faktenbasiert
16:45:36;20/03/2020;A Global Digital Media Network;The firm works with talented people and market-leading businesses across Switzerland, from Chur and Zurich to Geneva, Bern and Lucerne. In an era when...;http://www.digitaljournal.com/pr/4628149&sa=U&ved=2ahUKEwjSteD-v6noAhUUSxUIHS63DIgQxfQBMAd6BAgCEAE&usg=AOvVaw3pgVDli72I6MaHuPgY17Ia
16:44:36;20/03/2020;CA San Diego CA Zone Forecast;Apple and Lucerne Valleys-. Including the cities of Victorville, Hesperia, Apple Valley,. and Lucerne Valley. 748 AM PDT Fri Mar 20 2020 .TODAY...Partly cloudy.;https://www.seattlepi.com/weather/article/CA-San-Diego-CA-Zone-Forecast-15145021.php&sa=U&ved=2ahUKEwiep5eAwKnoAhVuZxUIHWhIBcg4FBDF9AEwBHoECAIQAQ&usg=AOvVaw1xfGVMINEEokSqTxx1QfHD
16:44:36;20/03/2020;Turf Protection Systems Market Forecast to 2025 with Global Key ...;Lucerne Biotech UK Ltd. (U.K.). Market segment by Type, the product can be split into. Stress Protection Pest Protection Scarification Protection. Market segment...;https://3wnews.org/uncategorised/345051/turf-protection-systems-market-forecast-to-2025-with-global-key-companies-profile-supply-demand-cost-structure/&sa=U&ved=2ahUKEwjGp_GAwKnoAhWqShUIHdXHCXY4HhDF9AEwAnoECAEQAQ&usg=AOvVaw0Kmb0e3p1UQw_DicQudeUy
14:44:36;20/03/2020;Murmullo - 'Lies' (2020);"... Linus Amsted, Lucerne Jazz Orchestra) on trombone; Franz Hellmüller (Bloom Effect, Radar Suzuki) on guitar and Rafael Jerjen (Andy Sheppard, Matt Baker,...";http://somethingelsereviews.com/2020/03/20/murmullo-lies/&sa=U&ved=2ahUKEwjxu7r_v6noAhWlThUIHavyCr44ChDF9AEwA3oECAkQAQ&usg=AOvVaw3EpRuvuj6X8hxys7Y-fHqB
12:44:36;20/03/2020;Deux ONG offrent des fleurs aux hôpitaux et aux EMS;Dans les cantons de Zurich, Lucerne, Berne et Bâle, les roses seront également livrées à des maisons de retraite et des établissements médico-sociaux, en plus...;https://www.swissinfo.ch/fre/deux-ong-offrent-des-fleurs-aux-h%25C3%25B4pitaux-et-aux-ems/45631052&sa=U&ved=2ahUKEwjSteD-v6noAhUUSxUIHS63DIgQxfQBMAl6BAgGEAE&usg=AOvVaw2FITbNld38Q9CYccPC3Kxe
12:44:36;20/03/2020;Help is available for Lake County's seniors during COVID-19 shelter ...;The Lakeport Senior Activity Center, which manages Meals on Wheels services for Lakeport, Kelseyville and Lucerne, reported that it has a team of volunteers...;http://www.lakeconews.com/index.php/news/64780-help-is-available-for-lake-county-s-seniors-during-covid-19-shelter-in-place-order&sa=U&ved=2ahUKEwjxu7r_v6noAhWlThUIHavyCr44ChDF9AEwAXoECAIQAQ&usg=AOvVaw0tcJmTq8TNRaH6g-tcfnz0
12:44:36;20/03/2020;Imitation Whipped Cream Market To Set Phenomenal Growth By 2025 | Cool Whip, Dream Whip, La Creme, Palsgaard, BestWhip, Whipped Cream Company;Some of the players profiled/ part of study coverage are Cool Whip, Dream Whip, La Creme, Palsgaard, BestWhip, Whipped Cream Company, Lucerne, Reddiwip.;https://stockmarketherald.com/2020/03/20/imitation-whipped-cream-market-to-set-phenomenal-growth-by-2025-cool-whip-dream-whip-la-creme-palsgaard-bestwhip-whipped-cream-company/&sa=U&ved=2ahUKEwiep5eAwKnoAhVuZxUIHWhIBcg4FBDF9AEwB3oECAMQAQ&usg=AOvVaw1WsvRmvgD-E7uMbNekhIAX
11:44:36;20/03/2020;Lake County Sheriff's logs: Saturday, Feb. 22;Occurred on Panoramic Dr, in Lucerne. Disposition: GENERAL SERVICES RENDERED. 00:05 EXTRA PATROL 2002220002. Occurred on 5TH, in Clearlake...;http://www.lakeconews.com/index.php/news/police-logs/64770-lake-county-sheriff-s-logs-saturday-feb-22&sa=U&ved=2ahUKEwjSteD-v6noAhUUSxUIHS63DIgQxfQBMAF6BAgHEAE&usg=AOvVaw1xMXTISq7xU4NmI2If9uEg
11:44:36;20/03/2020;Lake County Sheriff's logs: Sunday, Feb. 23;Occurred at E State Hwy 20/2D Av, in Lucerne. Disposition: SUPERVISOR CANCEL. 00:05 TRAFFIC STOP 2002230003. Officer initiated activity at S State...;http://www.lakeconews.com/index.php/news/police-logs/64771-lake-county-sheriff-s-logs-sunday-feb-23&sa=U&ved=2ahUKEwjSteD-v6noAhUUSxUIHS63DIgQxfQBMAJ6BAgIEAE&usg=AOvVaw0zEQIHAWsVP2JNuYOO_8_N
11:44:36;20/03/2020;Lake County Sheriff's logs: Monday, Feb. 24;Occurred on 13TH Av, in Lucerne. Disposition: REFERRED TO ANOTHER AGENCY. 11:46 CIVIL COMPLAINT 2002240051. Officer initiated activity at 17TH...;https://www.lakeconews.com/index.php/news/police-logs/64772-lake-county-sheriff-s-logs-monday-feb-24&sa=U&ved=2ahUKEwjSteD-v6noAhUUSxUIHS63DIgQxfQBMAV6BAgDEAE&usg=AOvVaw0aH5nRFGcQUpF7RtpqwkIO
11:44:36;20/03/2020;Concerts in the West welcomes Stephen Upshaw, Sam Armstrong ...;... the world including the BBC Proms, Cheltenham, IMS Prussia Cove, Lucerne, Brighton, Huddersfield and more. Eloisa-Fleur Thom is a prize-winning violinist,...;https://www.chardandilminsternews.co.uk/news/18310647.talented-classical-music-stars-show/&sa=U&ved=2ahUKEwjSteD-v6noAhUUSxUIHS63DIgQxfQBMAZ6BAgEEAE&usg=AOvVaw0NymtT78tibQlhNPjD03m_
11:44:36;20/03/2020;Alfalfa Concentrate Market Report to Talk about Historical ...;Alfalfa, or Lucerne, is a perennial flowering plant belonging to the legume family Fabaceae. It is primarily cultivated as forage crops in many parts of the world.;https://posts99.com/2020/03/20/alfalfa-concentrate-market-report-to-talk-about-historical-development-analysis-and-growth-potential-report-2019-top-key-players-liquadry-inc-naturalin-bio-resources-co-ltd-refine-biology-co-lt/&sa=U&ved=2ahUKEwjGp_GAwKnoAhWqShUIHdXHCXY4HhDF9AEwAHoECAIQAQ&usg=AOvVaw1IKtBy6xAVGSIcliCb0LIn
10:44:36;20/03/2020;Rowing star Vicky Thornley says Olympic Games must go ahead;World Rowing, meanwhile, has postponed the third World Cup of the season due to take place in Lucerne, Switzerland from May 22-24. It follows their...;https://www.leaderlive.co.uk/sport/18320922.rowing-star-vicky-thornley-says-olympic-games-must-go-ahead/&sa=U&ved=2ahUKEwjSteD-v6noAhUUSxUIHS63DIgQxfQBMAR6BAgFEAE&usg=AOvVaw3VR3zjevmfJEjB8XIABt9-
10:44:36;20/03/2020;Jeux olympiques. Pierre Houin (Aviron) : « Je n’ai plus d’emprise »;Mon problème, c'est que la régate de Lucerne (17 mai) ayant été annulée, il n'y a plus de possibilité de qualification. En juin, il y aura l'Euro et déjà des stages...;https://www.ouest-france.fr/jeux-olympiques/jeux-olympiques-pierre-houin-aviron-je-n-ai-plus-d-emprise-6786581&sa=U&ved=2ahUKEwjSteD-v6noAhUUSxUIHS63DIgQxfQBMAh6BAgAEAE&usg=AOvVaw3p8rJjLx_TAncPi2-N-1aR
10:44:36;20/03/2020;A Global Digital Media Network;This covers the full spectrum of roles across the country, including clinical jobs in Zurich, Bern, Lucerne, Chur and Geneva. Reimagining the way that hiring is...;http://www.digitaljournal.com/pr/4627708&sa=U&ved=2ahUKEwjxu7r_v6noAhWlThUIHavyCr44ChDF9AEwBnoECAYQAQ&usg=AOvVaw05HkbrdeTDscoXGPASDB79
10:44:36;20/03/2020;Huge Impacts Are Being Made as EPM Scientific Boosts Innovation Within Medical Communications Careers in Switzerland - Press Release;Zurich and Lucerne. EPM Scientific works with individuals and organisations across the country – and globally – helping to make the connections that matter.;http://www.digitaljournal.com/pr/4627709&sa=U&ved=2ahUKEwjxu7r_v6noAhWlThUIHavyCr44ChDF9AEwCHoECAAQAQ&usg=AOvVaw24AUN-KBmnK1I44c_Cgr-T
10:44:36;20/03/2020;Eritrea: Commemoration of International Women's Day;According to report, Eritrean nationals in Lucerne, Monthey, Neuchâtel, Losone, Biel-Bienne and Chur, Switzerland, Stockholm, Uppsala, Orebro, Guttenberg,...;https://allafrica.com/stories/202003200243.html&sa=U&ved=2ahUKEwiep5eAwKnoAhVuZxUIHWhIBcg4FBDF9AEwAHoECAAQAQ&usg=AOvVaw1YyZiAuEcH1h0uQL-SX9nf
09:44:36;20/03/2020;8 more icebergs right up ahead - Alex Cowie;He is also the portfolio manager of the Lucerne Alternative Investments Fund with Lucerne Investment Partners. I reached out to him yesterday to get his view on...;https://www.livewiremarkets.com/wires/8-more-icebergs-to-watch-out-for&sa=U&ved=2ahUKEwjSteD-v6noAhUUSxUIHS63DIgQxfQBMAN6BAgJEAE&usg=AOvVaw3vI-GCF4bRHpCLcMMFRe3q
09:44:36;20/03/2020;Family freedom on 11.2 acres, yet just a short drive to Toowoomba! | Buy | Kingaroy, South West Qld, Toowoomba / Gatton;"andbull; Brand new ring lock fencing andbull; Currently running improved pastures, lucerne, kikuyu + many more andbull; Close to Toowoomba's major airport";https://www.thechronicle.com.au/classifieds/real-estate/buy/family-freedom-on-112-acres-yet-just-a-short-drive-to-toowoomba/5367405/&sa=U&ved=2ahUKEwjxu7r_v6noAhWlThUIHavyCr44ChDF9AEwBHoECAcQAQ&usg=AOvVaw3Lhqo_ULSUlfJdnWQuuj4U
08:44:36;20/03/2020;Coronavirus: Implenia limite les activités sur ses chantiers - Suisse;Canton de Lucerne La Cour criminelle de Lucerne souligne que le trentenaire «a commis à peu près tout ce que le code de la route interdit de faire». Plus.;https://www.tdg.ch/suisse/implenia-limite-activites-chantiers/story/13578813&sa=U&ved=2ahUKEwjxu7r_v6noAhWlThUIHavyCr44ChDF9AEwAHoECAEQAQ&usg=AOvVaw3-AikuiuBm9u2TXMkI50lO
06:44:36;20/03/2020;MLA urges livestock producers to watch for fall armyworm;Hay production, including lucerne, may be at risk of production loss including irrigated production over winter in warmer regions, MLA said. The story Fall...;https://www.queenslandcountrylife.com.au/story/6689711/fall-armyworm-is-on-the-march-warns-mla/%3Fcs%3D4733&sa=U&ved=2ahUKEwjxu7r_v6noAhWlThUIHavyCr44ChDF9AEwBXoECAUQAQ&usg=AOvVaw03bQmb_g3WQ56CYIm2yP0s
06:44:36;20/03/2020;Événements importants des semaines 12 et 13 du 20.03.2020 au 28.03.2020;14:30 Also: as. g., Lucerne 16:00 Bellevue: as. g., Zurich 16:00 SPS: as. g., Olten 25.03.2020 07:00 Cham Group: résultats 2019 07:00 Credit Suisse: publication...;https://www.zonebourse.com/actualite-bourse/Evenements-importants-des-semaines-12-et-13-du-20-03-2020-au-28-03-2020--30193931/&sa=U&ved=2ahUKEwjxu7r_v6noAhWlThUIHavyCr44ChDF9AEwB3oECAQQAQ&usg=AOvVaw2PpIiRbeZj2do0Nvk3XVj-
06:44:36;20/03/2020;Your Complete Guide to SoCal School Closures: Reopening Dates, Free Meals, Online Learning Resources;Lucerne Valley Unified* | Reopens March 30. | Meals | Learn At-Home Morongo Unified | Reopens April 21. | Meals | Learn At-Home Mount Baldy | Reopens...;https://www.nbclosangeles.com/news/local/your-complete-guide-to-socal-school-closures-reopening-dates-free-meals-online-learning-resources/2332164/&sa=U&ved=2ahUKEwiep5eAwKnoAhVuZxUIHWhIBcg4FBDF9AEwCXoECAUQAQ&usg=AOvVaw2Ilhei8mwNPcF0_JzGc58k
05:44:36;20/03/2020;Canton de Lucerne: Prison pour un chauffard voleur de vélos;Canton de LucerneLa Cour criminelle de Lucerne souligne que le trentenaire «a commis à peu près tout ce que le code de la route interdit de faire». Le prévenu a...;https://www.24heures.ch/suisse/faits-divers/prison-chauffard-voleur-velos/story/22327429&sa=U&ved=2ahUKEwjSteD-v6noAhUUSxUIHS63DIgQxfQBMAB6BAgBEAE&usg=AOvVaw09dzX1dlj1RobmPTchE3yH
05:44:36;20/03/2020;Community happenings: March 20, 2020 | Community Happenings;The Harrison Township Volunteer Firefighters and First Responders pancake and sausage breakfast on Saturday, March 21 at the Lucerne Fire Station has...;https://www.pharostribune.com/news/community_happenings/article_2d97ee56-6a13-11ea-ace0-27416a049072.html&sa=U&ved=2ahUKEwiep5eAwKnoAhVuZxUIHWhIBcg4FBDF9AEwAnoECAgQAQ&usg=AOvVaw2L-yjZ6mb_tR6Op0a9qa2v
05:44:36;20/03/2020;Những buổi diễn thời Covid-19;Trong khi đó, tại Thụy Sĩ, dàn nhạc Lucerne còn đối mặt với một vấn đề khác. Sau khi trở về từ chuyến lưu diễn tại Italy, tất cả các nhạc công đều bị cách ly.;http://www.baodongnai.com.vn/dong-nai-cuoi-tuan/202003/nhung-buoi-dien-thoi-covid-19-2994138/&sa=U&ved=2ahUKEwjGp_GAwKnoAhWqShUIHdXHCXY4HhDF9AEwAXoECAAQAQ&usg=AOvVaw2eRuHboyuUcYI12K3Ou3Nz
04:44:36;20/03/2020;Edited Transcript of LODE earnings conference call or presentation 19-Mar-20 3:00pm GMT;We partnered twice with Tonogold, first in selling 50% of Lucerne last November, and again, in leasing some of our mineral properties. We also helped found...;https://finance.yahoo.com/news/edited-transcript-lode-earnings-conference-015314876.html&sa=U&ved=2ahUKEwjxu7r_v6noAhWlThUIHavyCr44ChDF9AEwCXoECAMQAQ&usg=AOvVaw0EYpwml27PExwX3YyrG1K8
00:44:36;20/03/2020;"Coronavirus: ""Plus de la moitié des cantons nous ont...";En Suisse alémanique, Thurgovie, Lucerne, Schaffhouse, Nidwald, Soleure, les deux Bâle, Appenzell, les Grisons et Berne ont fait des demandes. Quelles...;https://www.lacote.ch/dossiers/coronavirus/articles/coronavirus-plus-de-la-moitie-des-cantons-nous-ont-demande-des-respirateurs-921633&sa=U&ved=2ahUKEwjxu7r_v6noAhWlThUIHavyCr44ChDF9AEwAnoECAgQAQ&usg=AOvVaw3Z-mFyiNyrNAJ3EeWjC6HQ
23:44:36;19/03/2020;March 19 evening update: Latest on the coronavirus and Maine;“We can still be here for your pets,” said Ai Takeuchi, veterinarian at Lucerne Veterinary Hospital in Dedham. “But if we get exposed [to COVID-19], we're going...;https://bangordailynews.com/2020/03/19/news/state/march-19-evening-update-latest-on-the-coronavirus-and-maine/&sa=U&ved=2ahUKEwiep5eAwKnoAhVuZxUIHWhIBcg4FBDF9AEwAXoECAkQAQ&usg=AOvVaw3GQcBUHv3PNWKbuZMjMojc
23:44:36;19/03/2020;Comstock Mining, Inc. (LODE) CEO Corrado De Gasperis on Q4 2019 - Earnings Call Transcript;Firstly, selling 50% of Lucerne last November and again in leasing some of our mineral properties. We've also helped found and partnered with Mercury Clean...;https://seekingalpha.com/article/4333138-comstock-mining-inc-lode-ceo-corrado-de-gasperis-on-q4-2019-earnings-call-transcript&sa=U&ved=2ahUKEwiep5eAwKnoAhVuZxUIHWhIBcg4FBDF9AEwBnoECAQQAQ&usg=AOvVaw0C-xDzmzeRiYu5oWE7x0YN
21:44:36;19/03/2020;"LAUSD closes all schools; UCLA, USC cancel in-person classes – Up News Info Los Angeles";Lucerne Valley Unified School District It will close from Monday, March 16 to Friday, March 27. Helendale School District It will close from Monday, March 16 to...;https://upnewsinfo.com/2020/03/19/lausd-closes-all-schools-ucla-usc-cancel-in-person-classes-up-news-info-los-angeles-3/&sa=U&ved=2ahUKEwiep5eAwKnoAhVuZxUIHWhIBcg4FBDF9AEwA3oECAcQAQ&usg=AOvVaw0hD3MzlnPwl8s0XoZP3mBr
18:44:36;19/03/2020;Coronavirus: toutes les infos du 19 mars 2020;En raison du coronavirus, le Tribunal fédéral concentre son activité sur ses tâches prioritaires et fonctionne à effectif réduit sur ses sites de Lausanne et Lucerne.;https://www.radiolac.ch/actualite/coronavirus-toutes-les-infos-du-19-mars-2020/&sa=U&ved=2ahUKEwiep5eAwKnoAhVuZxUIHWhIBcg4FBDF9AEwBXoECAEQAQ&usg=AOvVaw0rnwRaMuBlrallNhgE8zyI
18:44:36;19/03/2020;A Genève, le débarras des objets encombrants et déchets de jardin ...;En raison du coronavirus, le Tribunal fédéral concentre son activité sur ses tâches prioritaires et fonctionne à effectif réduit sur ses sites de Lausanne et Lucerne.;https://www.radiolac.ch/actualite/a-geneve-le-debarras-des-objets-encombrants-et-dechets-de-jardin-a-reporter/&sa=U&ved=2ahUKEwiep5eAwKnoAhVuZxUIHWhIBcg4FBDF9AEwCHoECAYQAQ&usg=AOvVaw3t6m3b-sk_roQhamJdsu3O
