Titel;Link
Die Schweiz stoppt Ausschaffungen von Asylbewerbern – erster Corona-Fall im Bundeszentrum Zürich;https://www.nzz.ch/schweiz/die-schweiz-stoppt-ausschaffungen-von-asylbewerbern-erster-corona-fall-im-bundeszentrum-zuerich-ld.1548486
Vaudoise trotz Corona optimistisch;https://www.nzz.ch/wirtschaft/vaudoise-trotz-corona-optimistisch-ld.1548422
Die Corona-Krise wird die Welt neu gestalten. Schlägt nun die Stunde des Superstaates?;https://www.nzz.ch/meinung/wie-die-corona-krise-das-leben-von-uns-allen-veraendern-wird-ld.1548661
Ernstfalleinsatz an der Corona-Front: Ein Spitalsoldat berichtet;https://www.nzz.ch/schweiz/ernstfall-einsatz-an-der-corona-front-ld.1548616
WHO-Direktor sagt warnend: «Afrika muss sich auf das Schlimmste vorbereiten»;https://www.nzz.ch/international/corona-in-afrika-muss-sich-auf-das-schlimmste-vorbereiten-ld.1547333
Corona-Einsatz führt zu einer kritischen Doppelbelastung der Berufsmilitärs;https://www.nzz.ch/schweiz/corona-einsatz-fuehrt-zu-doppelbelastung-der-berufsmilitaers-und-der-verwaltung-ld1548177-ld.1548177
Pensionskassen erleiden einen «Corona-Schock»;https://www.nzz.ch/finanzen/corona-und-pensionskassen-schweizer-kassen-unter-schock-ld.1548222
Ein Doktorand trägt in der Freizeit die Corona-Fallzahlen aus den Kantonen zusammen. Ist das Ergebnis besser als die offizielle Statistik des Bundes?;https://www.nzz.ch/technologie/daten-corona-ld.1548610
Der US-Arbeitsmarkt erlebt einen Schock wie noch nie;https://www.nzz.ch/wirtschaft/ein-schock-wie-noch-nie-fuer-den-us-arbeitsmarkt-ld.1548665
«Die Erwerbstätigen sind die grossen Verlierer, die Rentner die grossen Gewinner der Krise»;https://www.nzz.ch/finanzen/corona-und-pensionskassen-anlagen-ueberzeugen-nicht-ld.1548250
Wenn Knappheit über Leben und Tod entscheidet;https://www.nzz.ch/meinung/corona-das-ressourcenmanagement-entscheidet-ueber-leben-und-tod-ld.1548718
Olympische Spiele im Jahr der Corona-Krise: Die IOK-Führung hat bereits versagt;https://www.nzz.ch/meinung/olympische-spiele-im-jahr-der-corona-krise-die-iok-fuehrung-hat-bereits-versagt-ld.1548045
EU-Videokonferenz: «Corona-Bonds» sind keine gute Lösung;https://www.nzz.ch/meinung/eu-videokonferenz-corona-bonds-sind-keine-gute-loesung-ld.1548806
Aberglaube und Paranoia – Schafft es das politische System des Irans unbeschadet durch die Corona-Krise? Zweifel sind angebracht;https://www.nzz.ch/meinung/aberglaube-und-paranoia-schafft-des-das-politische-system-des-irans-unbeschadet-durch-die-corona-krise-zweifel-sind-angebracht-ld.1549031
Die Corona-Krise trifft die Migros in einer heiklen Phase;https://www.nzz.ch/wirtschaft/die-corona-krise-trifft-die-migros-in-einer-heiklen-phase-ld.1548181
